FID,Agency,StationID,CoaStationID,Location,StationType,Comments,Active,DateActive,DateInactive,AMSStation,County,RO,HUC8,SubBasin,Latitude,Longitude
1,TPBA,O2000000,TPBA_07,Tar River at SR 1001 near Bunn,RIVER/STREAM,"dns Louisburg WWTP, DWQ ambient station",yes,3/1/2007 5:00,,Yes,Franklin,RRO,3020101,TAR01,36.00228,-78.24334
2,TPBA,O2015000,TPBA_08,Crooked Creek at SR 1719 (Bunn Elementary School Rd) near Bunn,RIVER/STREAM,"ups Bunn WWTP, 5 rare mussels",yes,3/1/2007 5:00,,No,Franklin,RRO,3020101,TAR01,35.94504,-78.26054
3,TPBA,O2020000,TPBA_09,Crooked Creek at NC 98 near Bunn,RIVER/STREAM,"dns Bunn WWTP, just ups Tar River. Benthic and Fish Stn (GF), 5 rare mussels in watershed",yes,3/1/2007 5:00,,No,Franklin,RRO,3020101,TAR01,35.93863,-78.20892
4,TPBA,O2101000,TPBA_10,Tar River at SR 1145 (Old Spring Hope Rd) near Spring Hope,RIVER/STREAM,ups Spring Hope WWTP,yes,3/1/2007 5:00,,No,Nash,RRO,3020101,TAR02,35.90506,-78.11319
5,TPBA,O2102000,TPBA_11,Tar River at NC 581 near Stanhope,RIVER/STREAM,dns Spring Hope WWTP,yes,3/1/2007 5:00,,No,Nash,RRO,3020101,TAR02,35.88205,-78.08932
6,TPBA,O2140000,TPBA_12,Tar River at SR 1981 (Tar River Church Rd) near Cliftonville,RIVER/STREAM,ups Tar River Reservoir.,yes,3/1/2007 5:00,,No,Nash,RRO,3020101,TAR02,35.84663,-77.96394
7,TPBA,O2320000,TPBA_13,Sapony Creek at SR 1704 (Batchelor Dr) near Nashville,RIVER/STREAM,ups Tar River Reservoir,yes,3/1/2007 5:00,,No,Nash,RRO,3020101,TAR02,35.93201,-77.93478
8,TPBA,O2360000,TPBA_14,Tar River at US 301 Bypass at Rocky Mount,RIVER/STREAM,"between reservoir and Rocky Mount, USGS gage",yes,3/1/2007 5:00,,No,Nash,RRO,3020101,TAR02,35.92572,-77.83067
9,TPBA,O3140000,TPBA_15,Stony Creek at Winstead Ave near Little Easonburg,RIVER/STREAM,"For Nutrient Transport Model, 5 rare mussels, biological impairment 303d, USGS gage",yes,3/1/2007 5:00,,No,Nash,RRO,3020101,TAR02,35.9688,-77.84967
10,TPBA,O3189000,TPBA_16,Tar River ar SR 1250 (Springfield Rd) at Rocky Mount,RIVER/STREAM,ups Rocky Mount WWTP,yes,3/1/2007 5:00,,No,Edgecombe,RRO,3020101,TAR02,35.97789,-77.75769
11,TPBA,O3600000,TPBA_17,Tar River at SR 1252 near Hartsease,RIVER/STREAM,"dns Rocky Mount WWTP, DWQ ambient station",yes,3/1/2007 5:00,,Yes,Edgecombe,RRO,3020101,TAR02,35.9409,-77.65511
12,TPBA,O4100000,TPBA_18,Tar River at NC 33 near Tarboro,RIVER/STREAM,Tar River dns of Swift Creek and ups of Fishing Creek.,yes,3/1/2007 5:00,,No,Edgecombe,RRO,3020101,TAR02,35.92844,-77.54984
13,TPBA,O4300000,TPBA_19,Fishing Creek at SR 1001 (Dr King Blvd) near Warrenton,RIVER/STREAM,ups Warrenton WWTP,yes,3/1/2007 5:00,,No,Warren,RRO,3020102,TAR04,36.38402,-78.18135
14,TPBA,O4400500,TPBA_20,Fishing Creek at SR 1600 (Baltimore Rd) near Warrenton,RIVER/STREAM,"dns Warrenton WWTP, Fish Stn (Exc)",yes,3/1/2007 5:00,,No,Warren,RRO,3020102,TAR04,36.35735,-78.14494
15,TPBA,O4403000,,Fishing Creek at SR 1609 (Powells Mill Rd) near Warrenton,RIVER/STREAM,temporary station  replacing O4400500 during bridge construction,no,7/1/2010 3:59,9/30/2010 3:59,No,Warren,RRO,3020102,TAR04,36.3393,-78.1288
16,TPBA,O4480000,TPBA_21,Fishing Creek at NC 561 near Wood,RIVER/STREAM,"Just dns of confluence with Shocco Creek, 8 rare mussels and 4 rare fish in watershed.",yes,3/1/2007 5:00,,No,Nash,RRO,3020102,TAR04,36.20105,-78.00401
17,TPBA,O4630000,TPBA_22,Little Fishing Creek at NC 481 near White Oak,RIVER/STREAM,"ups of confluence with Porter Creek, large numbers of rare aquatic animals in watershed, USGS gage.  Nutrient transport model station.",yes,3/1/2007 5:00,,No,Halifax,RRO,3020102,TAR04,36.1862,-77.87601
18,TPBA,O4670000,TPBA_23,Fishing Creek at SR 1222 (Bellamy Mill Rd) near Enfield,RIVER/STREAM,"ups Enfield WWTP, 8 rare mussels and 4 rare fish in watershed, first bridge ups of US 301, just dns of old mill impoundment",yes,3/1/2007 5:00,,No,Halifax,RRO,3020102,TAR04,36.1549,-77.74036
19,TPBA,O4690000,TPBA_24,Fishing Creek at SR 1109 (Etheridge Farm Rd) near Enfield,RIVER/STREAM,"dns Enfield WWTP, 8 rare mussels and 4 rare fish in watershed, first bridge dns of US 301.",yes,3/1/2007 5:00,,No,Halifax,RRO,3020102,TAR04,36.11342,-77.62704
20,TPBA,O4899000,TPBA_25,Fishing Creek at NC 97 near Lawrence,RIVER/STREAM,"USGS Gage, nr confluence with Tar, 8 rare mussels and 4 rare fish in watershed. Nutrient transport model station.",yes,3/1/2007 5:00,,No,Edgecombe,RRO,3020102,TAR04,36.00828,-77.52518
21,TPBA,O4995000,TPBA_26,UT to Deep Creek at SR 1104 (Bynums Bridge Rd) near Scotland Neck,RIVER/STREAM,ups Scotland Neck WWTP,yes,3/1/2007 5:00,,No,Halifax,RRO,3020102,TAR04,36.13551,-77.48517
22,TPBA,O5100000,TPBA_27,Deep Creek at US 258 near Scotland Neck,RIVER/STREAM,dns Scotland Neck WWTP,yes,3/1/2007 5:00,,No,Halifax,RRO,3020102,TAR04,36.10964,-77.43827
23,TPBA,O5250000,TPBA_28,Tar River at NC 33/US 64 Bus at Tarboro,RIVER/STREAM,"ups Tarboro WWTP, USGS gage, DWQ ambient station, Benthic Stn (Good). Modelers want twice monthly sampling here.  Nutrient transport model station.",yes,3/1/2007 5:00,,Yes,Edgecombe,RRO,3020103,TAR03,35.89352,-77.53233
24,TPBA,O5270000,TPBA_,Tar River at US 64 near Tarboro,RIVER/STREAM,TPBA monitor mistakenly sampled here in March 2007,no,3/1/2007 5:00,4/1/2007 3:59,no,Edgecombe,RRO,3020103,TAR03,35.88746,-77.53873
25,TPBA,O5600000,TPBA_29,Town Creek at NC 111 (SR 1202) near Wiggins Crossroads,RIVER/STREAM,ups Pinetops WWTP,yes,3/1/2007 5:00,,No,Edgecombe,RRO,3020103,TAR03,35.82238,-77.6339
26,TPBA,O5990000,TPBA_30,Town Creek at US 258 near Cobbs Crossroads,RIVER/STREAM,"dns Pinetops WWTP, USGS gage",yes,3/1/2007 5:00,,No,Edgecombe,RRO,3020103,TAR03,35.79828,-77.59144
27,TPBA,O6000000,TPBA_31,Tar River at NC 42 at Old Sparta,RIVER/STREAM,"dns Tarboro WWTP, just dns of Town Creek, Benthic Stn (Exc).",yes,3/1/2007 5:00,,No,Edgecombe,RRO,3020103,TAR03,35.7903,-77.55067
28,TPBA,O6201000,TPBA_32,Ballahack Canal at SR 1526 near Conetoe,CANAL DRAINAGE,"Agricultural land use site, Cropland, no point source dischargers",yes,3/1/2007 5:00,,No,Edgecombe,RRO,3020103,TAR03,35.86447,-77.44383
29,TPBA,O6240000,TPBA_33,Tar River at US 264 Byp near Greenville,RIVER/STREAM,"ups Greenville WWTP, USGS gage",yes,3/1/2007 5:00,,no,Pitt,WARO,3020103,TAR05,35.64598,-77.42212
30,TPBA,O6700000,TPBA_34,Grindle Creek at SR 1427 near Bethel,RIVER/STREAM,"Agricultural land use site, Cropland, no point source dischargers",yes,3/1/2007 5:00,,No,Pitt,WARO,3020103,TAR05,35.76324,-77.37805
31,TPBA,O6798000,TPBA_35,Grindle Creek at US 264 at Pactolus,RIVER/STREAM,"Last bridge crossing ups of Tar, Benthic Stn (D-F), Fish Stn, Modeler request",yes,3/1/2007 5:00,,No,Pitt,WARO,3020103,TAR05,35.62426,-77.22118
32,TPBA,O7000000,TPBA_36,Flat Swamp at SR 1159 (Third St) at Robersonville,RIVER/STREAM,ups Robersonville WWTP,yes,3/1/2007 5:00,,No,Martin,WARO,3020103,TAR06,35.81602,-77.26421
33,TPBA,O7100000,TPBA_37,Flat Swamp at SR 1157 near Robersonville,RIVER/STREAM,dns Robersonville WWTP,yes,3/1/2007 5:00,,No,Martin,WARO,3020103,TAR06,35.78183,-77.25683
34,YPDRBA,Q0360000,YPDRBA_01,Reddies River at SR 1517 at N. Wilkesboro,RIVER/STREAM,Significant Tributary,yes,6/1/1998 3:59,,No,Wilkes,WSRO,3040101,YAD01,36.1743,-81.1693
35,YPDRBA,Q0450000,YPDRBA_02,Yadkin River at Bus NC 421 (Statesville Road) in N. Wilkesboro,RIVER/STREAM,Dns of Wilkesboro and N. Wilkesboro WWTPs and urban areas,yes,6/1/1998 3:59,,Yes,Wilkes,WSRO,3040101,YAD01,36.1659,-81.1344
36,YPDRBA,Q0720000,YPDRBA_03,Yadkin River at SR 2303 (Clingman Road) near Ronda,RIVER/STREAM,"Former ambient DWQ station (ambient discontinued 01/07), dns of LP (major)",yes,6/1/1998 3:59,,No,Wilkes,WSRO,3040101,YAD01,36.2154,-80.9367
37,YPDRBA,Q1065000,YPDRBA_04,Mitchell River at SR 1001 (Popular Springs Road) near North Elkin,RIVER/STREAM,"Benthos site excellent IBI in 2001, significant tributary to Yadkin River",yes,6/1/1998 3:59,,No,Surry,WSRO,3040101,YAD02,36.31137,-80.80656
38,YPDRBA,Q1215000,YPDRBA_84,Fisher River at NC 268 near Fairview,RIVER/STREAM,"Benthos site, improved 1996-2001, High quality waters, dns of Wayne Poultry",yes,6/1/1998 3:59,,No,Surry,WSRO,3040101,YAD02,36.3395,-80.6852
39,YPDRBA,Q1270000,YPDRBA_05,CODY CREEK AT NC 268 near FAIRVIEW,RIVER/STREAM,,no,7/1/2001 3:59,9/1/2004 3:59,No,Surry,WSRO,3040101,YAD02,36.33803,-80.69287
40,YPDRBA,Q1350000,YPDRBA_10,Yadkin River at SR 1003 near Siloam,RIVER/STREAM,"Mainstem, dns of Boonville, ups of Ararat River",yes,6/1/1998 3:59,,No,Surry,WSRO,3040101,YAD02,36.2824,-80.5622
41,YPDRBA,Q1500000,YPDRBA_06,Ararat River at NC 52 near Mt Airy,RIVER/STREAM,Ups of Mt. Airy WWTP,yes,6/1/1998 3:59,,No,Surry,WSRO,3040101,YAD03,36.4799,-80.6004
42,YPDRBA,Q1550000,YPDRBA_07,Ararat River at WWTP Road at Mt. Airy WWTP,RIVER/STREAM,"Only access to Ararat River dns of Mt. Airy WWTP and above Lovills Creek, Bioassessment request",no,7/1/2001 3:59,8/1/2013 3:59,No,Surry,WSRO,3040101,YAD03,36.477,-80.6045
43,YPDRBA,Q1710000,YPDRBA_7,ARARAT RIV 1 MI BELOW MT AIRY WWTP DISCHARGE,RIVER/STREAM,,no,6/1/1998 3:59,7/1/2001 3:59,No,Surry,WSRO,3040101,YAD03,36.47,-80.6027
44,YPDRBA,Q1725000,YPDRBA_08,Ararat River at SR 2119 (Sheep Farm Road) near Mt Airy,RIVER/STREAM,"Ups Pilot Mtn. WWTP, below Stewarts Creek",no,6/1/1998 3:59,8/1/2013 3:59,No,Surry,WSRO,3040101,YAD03,36.4517,-80.6092
45,YPDRBA,Q1935000,YPDRBA_09,Ararat River at SR 2044 near Pilot Mountain,RIVER/STREAM,Dns Pilot Mtn. WWTP,yes,6/1/1998 3:59,,No,Surry,WSRO,3040101,YAD03,36.36262,-80.53938
46,YPDRBA,Q2090000,YPDRBA_11,N Deep Ck at SR 1605 (Main St.) near Yadkinville,RIVER/STREAM,Ups of Yadkinville WWTP,no,6/1/1998 3:59,7/31/2008 3:59,No,Yadkin,WSRO,3040101,YAD02,36.1362,-80.63003
47,YPDRBA,Q2120000,YPDRBA_12,N Deep Ck at SR 1510 (Styres Mill Road) near Yadkinville,RIVER/STREAM,"Dns of Yadkinville WWTP, benthic site",no,6/1/1998 3:59,8/1/2013 3:59,No,Yadkin,WSRO,3040101,YAD02,36.1259,-80.5918
48,YPDRBA,Q2135000,YPDRBA_13,S Deep Ck at SR 1733 (Old Stage Road) near Shacktown,RIVER/STREAM,Dns of proposed drinking water impoundment (ups of Cranberry Ck) for Yadkinville water supply,yes,6/1/1998 3:59,,No,Yadkin,WSRO,3040101,YAD02,36.1065,-80.5877
49,YPDRBA,Q2145000,,Deep Ck at SR 1711 (Speer Bridge Rd) nr Yadkinville,RIVER/STREAM,Dns confluence of N and S Deep Cks,yes,12/1/2013 5:00,,No,Yadkin,WSRO,3040101,,36.114,-80.5468
50,YPDRBA,Q2180000,YPDRBA_14,Yadkin River at US 158 at Clemmons,RIVER/STREAM,"About 8 miles ups of Muddy Creek WWTP discharge, dns of Deep Creek",yes,6/1/1998 3:59,,No,Davie,WSRO,3040101,YAD02,36.0144,-80.4164
51,YPDRBA,Q2291000,YPDRBA_15,Muddy Ck at I40 near Clemmons,RIVER/STREAM,"Fish Sampling station, above Silas and Little Creeks",yes,6/1/1998 3:59,,No,Forsyth,WSRO,3040101,YAD04,36.047,-80.3662
52,YPDRBA,Q2479455,YPDRBA_16,Salem Ck at SR 2740 (Reynolds Park Road) near Winston Salem,RIVER/STREAM,"Below Salem Lake, urban",no,6/1/1998 3:59,6/1/2017 3:59,No,Forsyth,WSRO,3040101,YAD04,36.0884,-80.2121
53,YPDRBA,Q2540000,YPDRBA_17,Salem Ck at SR 1120 (Clemmonsville Road) at Winston Salem,RIVER/STREAM,"Ups of Archie Elledge WWTP, DWQ stn Q251 is upstream",yes,6/1/1998 3:59,8/1/2013 3:59,No,Forsyth,WSRO,3040101,YAD04,36.0312,-80.3137
54,YPDRBA,Q2570000,YPDRBA_18,Salem Ck at SR 2991 (Fraternity Church Road) near Winston Salem,RIVER/STREAM,"Below Archie Elledge WWTP, benthic site, urban",yes,6/1/1998 3:59,,No,Forsyth,WSRO,3040101,YAD04,36.0086,-80.3353
55,YPDRBA,Q2720000,YPDRBA_19,Muddy Ck at SR 1485 (Hampton Rd) near Winston Salem,RIVER/STREAM,Muddy Ck above confluence with Yadkin River,yes,6/1/1998 3:59,,No,Davidson,WSRO,3040101,YAD04,35.9402,-80.358
56,YPDRBA,Q2810000,YPDRBA_20,Yadkin River at US 64 at Yadkin College,RIVER/STREAM,"10.5 miles dns of Muddy Ck WWTP, DWQ ambient stn",yes,6/1/1998 3:59,,Yes,Davidson,WSRO,3040101,YAD04,35.857,-80.3863
57,YPDRBA,Q3105000,YPDRBA_32,Dutchman Ck at US 64 near Mocksville,RIVER/STREAM,Dns of Mocksville Dutchmans Ck WWTP,yes,6/1/1998 3:59,,No,Davie,WSRO,3040101,YAD05,35.8811,-80.5012
58,YPDRBA,Q3555000,YPDRBA_28,Bear Ck at SR 1116 (Junction Road) near Coleemee,RIVER/STREAM,Dns of Town of Mocksville Bear Ck WWTP,no,6/1/1998 3:59,8/1/2013 3:59,No,Davie,WSRO,3040102,YAD06,35.8256,-80.5852
59,YPDRBA,Q3720000,YPDRBA_24,Fourth Ck at SR 2316 (Bell Farm Road) near Statesville,RIVER/STREAM,Ups of Statesville Fourth Ck WWTP,yes,6/1/1998 3:59,,No,Iredell,MRO,3040102,YAD06,35.7761,-80.7958
60,YPDRBA,Q3735000,YPDRBA_25,Fourth Ck at SR 2308 (Elmwood Road) near Elmwood,RIVER/STREAM,"DWQ ambient stn, dns of Statesville Fourth Ck WWTP, declining IBI",no,6/1/1998 3:59,8/1/2013 3:59,Yes,Iredell,MRO,3040102,YAD06,35.7685,-80.7499
61,YPDRBA,Q3900000,YPDRBA_26,Third Ck at SR 2342 (Amity Hill Road) near Statesville,RIVER/STREAM,Ups of Third Ck WWTP,yes,6/1/1998 3:59,,No,Iredell,MRO,3040102,YAD06,35.7492,-80.8775
62,YPDRBA,Q3932000,YPDRBA_27,Third Ck at SR 2359 (Bethesda Road) near Statesville,RIVER/STREAM,"Dns of Statesville Third Ck WWTP, declining IBI",yes,6/1/1998 3:59,,No,Iredell,MRO,3040102,YAD06,35.733,-80.8039
63,YPDRBA,Q3970000,YPDRBA_31,S Yadkin River at US 601 near Cooleemee,RIVER/STREAM,"Dns of Cooleemee WWTP, significant tributary",yes,6/1/1998 3:59,,No,Rowan,MRO,3040102,YAD06,35.7784,-80.5067
64,YPDRBA,Q4030000,YPDRBA_29,Second Ck at SR 1526 (Sherrills Ford Rd) near Salisbury,RIVER/STREAM,Ups of KoSa and 2nd Ck. WWTP and above Beaverdam Ck,yes,6/1/1998 3:59,,No,Rowan,MRO,3040102,YAD06,35.697,-80.6117
65,YPDRBA,Q4165000,YPDRBA_30,Second Ck at US 601 near Salisbury,RIVER/STREAM,Dns of KoSa and 2nd Ck WWTP,yes,6/1/1998 3:59,,No,Rowan,MRO,3040102,YAD06,35.7625,-80.5108
66,YPDRBA,Q4540000,YPDRBA_37,Grants Ck at SR 1915 (Hollywood Dr.) near Salisbury,RIVER/STREAM,"Significant tributary, old ups station for 2 WWTPs, discharge moved to Yadkin River; Grants Ck (1998) and Sowers Ferry Rd WWTP (2002 to Grants Ck WWTP), urban",no,6/1/1998 3:59,8/1/2013 3:59,Yes,Rowan,MRO,3040103,YAD04,35.7072,-80.4361
67,YPDRBA,Q4600000,YPDRBA_38,GRANTS CRK BELOW SALISBURY AND SPENCER WWTP,RIVER/STREAM,,no,6/1/1998 3:59,7/1/2003 3:59,No,Rowan,MRO,3040103,YAD04,35.71085,-80.42597
68,YPDRBA,Q4660000,YPDRBA_39,Yadkin River at NC 150 near Spencer,RIVER/STREAM,"Dns of combined Grants Ck. And Sowers Ferry WWTP Discharge, ups of Color Tex and Buck Steam Station, DWQ ambient Station",yes,6/1/1998 3:59,,Yes,Rowan,MRO,3040103,YAD04,35.72303,-80.3905
69,YPDRBA,Q5135000,YPDRBA_35,Swearing Ck at SR 1272  (Jersey Church Road) near Linwood,RIVER/STREAM,"Swearing Ck at High Rock Lake, urban drainage",yes,6/1/1998 3:59,,No,Davidson,WSRO,3040103,YAD07,35.72911,-80.30566
70,YPDRBA,Q5210000,YPDRBA_80,Town Ck at SR 1915 (Andrew St.) at Spencer,RIVER/STREAM,"Biological impairment, pre STW Phase II implementation, WWTP discharge removed in 2000, poor IBI in 1990 fair in 2001, urban",yes,9/1/2004 3:59,,No,Rowan,MRO,3040103,YAD04,35.67981,-80.41552
71,YPDRBA,Q5240000,YPDRBA_41,TOWN CRK AT I85 near SPENCER,RIVER/STREAM,,no,6/1/1998 3:59,9/1/2004 3:59,No,Rowan,MRO,3040103,YAD04,35.68635,-80.4052
72,YPDRBA,Q5745000,YPDRBA_73,Rich Fork Ck at SR 1757 (Chestnut St.) near High Point,RIVER/STREAM,ups High Point Westside WWTP,yes,11/1/2009 3:59,,No,Davidson,WSRO,3040103,YAD07,35.9651,-80.07869
73,YPDRBA,Q5750000,YPDRBA_21,Rich Fork Ck at SR 1755 (W. Lexington Ave.) near High Point,RIVER/STREAM,Ups of High Point West Side WWTP,no,6/1/1998 3:59,11/1/2009 3:59,No,Davidson,WSRO,3040103,YAD07,35.9489,-80.1017
74,YPDRBA,Q5785000,YPDRBA_22,Rich Fork Ck at SR 1792 (Kanoy Road) near High Point,RIVER/STREAM,"Ups of Hunts Fork Ck, dns of High Point West Side WWTP",yes,6/1/1998 3:59,,No,Davidson,WSRO,3040103,YAD07,35.8984,-80.1454
75,YPDRBA,Q5790000,YPDRBA_23,Rich Fork Ck at SR 2123 (Old Hwy 29) near High Point,RIVER/STREAM,Ups of Abbots Creek,yes,6/1/1998 3:59,,No,Davidson,WSRO,3040103,YAD07,35.8543,-80.1822
76,YPDRBA,Q5860000,YPDRBA_81,Hamby Ck at SR 2775 (Old Emanuel Church Rd) near Thomasville,RIVER/STREAM,Ups Thomasville WWTP,yes,9/1/2004 3:59,,No,Davidson,WSRO,3040103,YAD07,35.85009,-80.10637
77,YPDRBA,Q5901000,,Hamby Crk at I 85 Rest Area nr Thomasville,RIVER/STREAM,Dns Thomasville WWTP,yes,8/1/2013 3:59,,No,Davidson,WSRO,3040103,YAD,35.84252,-80.13205
78,YPDRBA,Q5930000,,Abbotts Crk at SR 1243 (Center Street) at Lexington,RIVER/STREAM,"Dns Lexington WWTP, DWQ Ambient stn",yes,8/1/2013 3:59,,No,Davidson,WSRO,3040103,YAD07,35.80629,-80.23488
79,YPDRBA,Q5940000,YPDRBA_33,Abbotts Ck at I 85 near Lexington,RIVER/STREAM,Ups of Lexington Regional WWTP,no,6/1/1998 3:59,8/1/2013 3:59,No,Davidson,WSRO,3040103,YAD07,35.7873,-80.2357
80,YPDRBA,Q5970000,YPDRBA_34,Abbotts Ck at NC 47 near Cotton Grove,RIVER/STREAM,"At High Rock Lake, dns of Lexington Regional WWTP",no,6/1/1998 3:59,8/1/2013 3:59,Yes,Davidson,WSRO,3040103,YAD07,35.7479,-80.2414
81,YPDRBA,Q6120000,YPDRBA_82,Yadkin River at SR 1002 (Bringle Ferry Road) at High Rock,RIVER/STREAM,"Just dns of High Rock Lake Dam, DWQ ambient stn. Replaces Q6360000",yes,9/1/2004 3:59,,Yes,Davidson,WSRO,3040103,YAD08,35.5968,-80.23128
82,YPDRBA,Q6140000,YPDRBA_76,Lick Ck at SR 1002 near Healing Springs,RIVER/STREAM,Dns Denton WWTP,yes,1/1/2003 5:00,,No,Davidson,WSRO,3040103,YAD08,35.61638,-80.17543
83,YPDRBA,Q6180000,YPDRBA_42,UT TO LICK CRK AT SR 2505 near DENTON,RIVER/STREAM,,no,6/1/1998 3:59,1/1/2003 5:00,No,Davidson,WSRO,3040103,YAD08,35.61596,-80.14043
84,YPDRBA,Q6360000,YPDRBA_49,YADKIN RIV AT NC 8 AND NC 49 near RICHFIELD,RIVER/STREAM,,no,6/1/1998 3:59,9/1/2004 3:59,No,Stanly,MRO,3040105,YAD08,35.50602,-80.18413
85,YPDRBA,Q6705000,YPDRBA_43,Uwharrie River at NC 49 near Farmer,RIVER/STREAM,Significant Tributary,yes,6/1/1998 3:59,,No,Randolph,WSRO,3040103,YAD09,35.6421,-79.965
86,YPDRBA,Q6930000,YPDRBA_52,Little Mountain Ck at NC 1720 (Valley. Road) near Badin,RIVER/STREAM,Dns of Badin WWTP,yes,1/1/2008 5:00,,No,Stanly,MRO,3040104,YAD08,35.38122,-80.11285
87,YPDRBA,Q6950000,YPDRBA_52,Little Mountain Ck at NC 1798 (Morrow Mt. Road) near Badin,RIVER/STREAM,Dns of Badin WWTP,no,6/1/1998 3:59,12/31/2007 5:00,No,Stanly,MRO,3040104,YAD08,35.36928,-80.11088
88,YPDRBA,Q6960000,YPDRBA_53,Pee Dee River at Boat Ramp at Morrow Mountain SP Off SR 1798,RIVER/STREAM,"Pee Dee River at Boat Ramp in Morrow Mtn. State Park, Lake Tillery below Badin Lake. At this location the Yadkin and Uwharrie Rivers meet to form the Pee Dee River.",no,6/1/1998 3:59,8/1/2013 3:59,No,Stanly,MRO,3040104,YAD08,35.3797,-80.0613
89,YPDRBA,Q7030000,YPDRBA_54,"Pee Dee River at NC 24, 27 and 73 near Albemarle",RIVER/STREAM,Pee Dee River in Lake Tillery,yes,6/1/1998 3:59,,No,Stanly,MRO,3040104,YAD08,35.3083,-80.0797
90,YPDRBA,Q7210000,YPDRBA_55,Clarks Ck at SR 1187 (Tillery Dam Road) near Mount Gilead,RIVER/STREAM,Mt. Gilead WWTP discharge relocated to Pee Dee River in May of 1999. Excellent fish community.,no,6/1/1998 3:59,8/1/2013 3:59,No,Montgomery,FRO,3040104,YAD10,35.2044,-80.0575
91,YPDRBA,Q7330000,YPDRBA_36,Rocky River at SR 2420 (E. Rocky River Road) near Davidson,RIVER/STREAM,"Dns Town of Mooresville WWTP, also a DWQ ambient and benthic station",yes,6/1/1998 3:59,,Yes,Mecklenburg,MRO,3040105,YAD11,35.4749,-80.7795
92,YPDRBA,Q7450000,YPDRBA_44,Rocky River at US 29 near Harrisburg,RIVER/STREAM,"Below confluence of E and W branches of Rocky River, ups of Mallard Creek",yes,6/1/1998 3:59,,No,Cabarrus,MRO,3040105,YAD11,35.35897,-80.67506
93,YPDRBA,Q7550000,YPDRBA_73,Mallard Ck at Pavillion Road  near Harrisburg,RIVER/STREAM,Ups of Charlotte-Mecklenburg Mallard Ck WWTP,no,8/1/2000 3:59,8/1/2013 3:59,No,Mecklenburg,MRO,3040105,YAD11,35.3323,-80.7157
94,YPDRBA,Q7570000,YPDRBA_74,Mallard Ck at SR 1300 (Morehead Rd) near Harrisburg,RIVER/STREAM,Dns of Mallard Ck WWTP (94% IWC),no,8/1/2000 3:59,8/1/2013 3:59,No,Cabarrus,MRO,3040105,YAD11,35.3338,-80.6682
95,YPDRBA,Q7600000,YPDRBA_45,Rocky River at SR 1304 (Roberta Road) near Harrisburg,RIVER/STREAM,"Dns of Mallard Ck, ups of Chemical Specialties",yes,6/1/1998 3:59,,No,Cabarrus,MRO,3040105,YAD11,35.3345,-80.6444
96,YPDRBA,Q7700000,YPDRBA_79,Coddle Creek at SR 1304 (Roberta Road) near Roberta Mill,RIVER/STREAM,"Significant tributary, modeler's request",yes,7/1/2003 3:59,,No,Cabarrus,MRO,3040105,YAD11,35.35919,-80.63469
97,YPDRBA,Q7780000,YPDRBA_46,Rocky River at SR 1132 (Flowes Store Road) near Harrisburg,RIVER/STREAM,Dns of Coddle Ck and Back Ck,yes,6/1/1998 3:59,,No,Cabarrus,MRO,3040105,YAD11,35.3244,-80.5603
98,YPDRBA,Q8200000,YPDRBA_40,Cold Water Ck at SR 1132 (Miami Church Road) near Concord,RIVER/STREAM,"Significant tributary, urban impacts",yes,6/1/1998 3:59,,No,Cabarrus,MRO,3040105,YAD12,35.3624,-80.5303
99,YPDRBA,Q8210000,YPDRBA_47,Rocky River at US 601 near Concord,RIVER/STREAM,"Ambient and benthic DWQ station, dns of Cold water Ck, dns of Rocky River WWTP",yes,6/1/1998 3:59,,No,Cabarrus,MRO,3040105,YAD12,35.3245,-80.5154
100,YPDRBA,Q8340000,YPDRBA_59,UT to Clear Creek at SR 3104,RIVER/STREAM,,no,6/1/1998 3:59,7/1/2001 3:59,No,Mecklenburg,MRO,3040105,YAD12,35.1702,-80.5944
101,YPDRBA,Q8341000,YPDRBA_59,Clear Ck at SR 1118 (Ben Black Road) near Brief,RIVER/STREAM,Ups Tallwood Estates WWTP,no,6/1/2002 3:59,8/1/2013 3:59,No,Cabarrus,MRO,3040105,YAD12,35.2163,-80.5456
102,YPDRBA,Q8342000,YPDRBA_60,Clear Ck at US 601 near Brief,RIVER/STREAM,"Dns Tallwood Estates, significant tributary",yes,6/1/1998 3:59,,No,Union,MRO,3040105,YAD12,35.1947,-80.5293
103,YPDRBA,Q8355000,YPDRBA_48,Rocky River at SR 1114 (Garmon Mill Road) near Midland,RIVER/STREAM,"Ups of Muddy Ck WWTP, and Muddy Creek",yes,6/1/1998 3:59,,No,Cabarrus,MRO,3040105,YAD12,35.2212,-80.4871
104,YPDRBA,Q8359000,YPDRBA_61,Goose Creek at SR 4228 near Mint Hill,RIVER/STREAM,,no,6/1/1998 3:59,7/1/2001 3:59,No,Mecklenburg,MRO,3040105,YAD12,35.14525,-80.63602
105,YPDRBA,Q8359500,YPDRBA_75,Goose Ck in Hunley Ck. Subdivision,RIVER/STREAM,Ups of Hunley Ck WWTP,no,7/1/2001 3:59,8/1/2013 3:59,No,Union,MRO,3040105,YAD12,35.1386,-80.6336
106,YPDRBA,Q8360000,YPDRBA_62,Goose Ck at SR 1524 (Stevens Mill Road) near Mint Hill,RIVER/STREAM,"Also DWQ station, dns Hunley Ck WWTP",yes,6/1/1998 3:59,,No,Union,MRO,3040105,YAD12,35.1309,-80.6311
107,YPDRBA,Q8385000,YPDRBA_56,Rocky River at SR 1606 (Sykes Mill Road) near Monroe,RIVER/STREAM,"Dns of Goose Ck, ups Crooked Creek; nr Fairview Crossroads",yes,6/1/1998 3:59,,No,Union,MRO,3040105,YAD12,35.1699,-80.4728
108,YPDRBA,Q8386000,YPDRBA_63,N Fork Crooked Ck at SR 1520 (Indian Trail-Fairview Road) near Monroe,RIVER/STREAM,Ups Union County WWTP,yes,6/1/1998 3:59,,No,Union,MRO,3040105,YAD12,35.1079,-80.6154
109,YPDRBA,Q8386200,YPDRBA_64,N Fork Crooked Ck at SR 1514 (Rocky River Road) near Monroe,RIVER/STREAM,Dns of Union County WWTP,yes,6/1/1998 3:59,,No,Union,MRO,3040105,YAD12,35.1024,-80.5843
110,YPDRBA,Q8388000,YPDRBA_57,Crooked Ck at NC 218 near Monroe,RIVER/STREAM,Dns Grassy Branch WWTP; nr Fairview Crossroads,yes,6/1/1998 3:59,,No,Union,MRO,3040105,YAD12,35.133,-80.4896
111,YPDRBA,Q8388900,YPDRBA_58,Crooked Ck at SR 1601 (Unionville-Brief Road) near Monroe,RIVER/STREAM,Ups Grassy Branch WWTP; nr Fairview Crossroads,no,6/1/1998 3:59,8/1/2013 3:59,No,Union,MRO,3040105,YAD12,35.1381,-80.5054
112,YPDRBA,Q8480000,,Rocky River at NC 205 nr Stanfield,RIVER/STREAM,Old AMS Stn; lg drainage area,yes,8/1/2013 3:59,,No,Stanly,MRO,3040105,YAD13,35.169,-80.346
113,YPDRBA,Q8715000,YPDRBA_50,Long Ck at SR 1968 (Hartsell Road) near Oakboro,RIVER/STREAM,5.6 miles dns of Albemarle's Long Creek WWTP,no,6/1/1998 3:59,8/1/2013 3:59,No,Stanly,MRO,3040105,YAD13,35.2667,-80.2569
114,YPDRBA,Q8720000,YPDRBA_51,Long Ck at SR 1917 (Bethlehem Church Road) near Rocky River Springs,RIVER/STREAM,"Also an ambient and benthic DWQ station, below old Oakboro WWTP discharge. Oakboro discharge moved to Rocky River 7/2001.",no,6/1/1998 3:59,7/31/2008 3:59,Yes,Stanly,MRO,3040105,YAD13,35.2239,-80.2586
115,YPDRBA,Q8800000,YPDRBA_65,Richardson Ck at SR 1751 (Walkup Ave.) at Monroe,RIVER/STREAM,"Ups of Monroe WWTP, urban stream",yes,6/1/1998 3:59,,No,Union,MRO,3040105,YAD14,34.9897,-80.5097
116,YPDRBA,Q8820000,YPDRBA_66,Richardson Ck at SR 1006 (Olie Branch Road) near Monroe,RIVER/STREAM,Dns of Monroe WWTP,yes,6/1/1998 3:59,,No,Union,MRO,3040105,YAD14,35.0322,-80.4716
117,YPDRBA,Q8850000,YPDRBA_67,RICHARDSON CRK AT SR 1630 near Monroe,RIVER/STREAM,,no,6/1/1998 3:59,7/1/2003 3:59,No,Union,MRO,3040105,YAD14,35.04597,-80.45607
118,YPDRBA,Q9021300,YPDRBA_83,Lanes Ck at SR 1005 (Landsford Road) near Marshville,RIVER/STREAM,"Significant tributary to Rocky River, concentration of animal operations",yes,11/1/2006 5:00,,No,Union,FRO,3040105,YAD14,34.92316,-80.34215
119,YPDRBA,Q9021305,YPDRBA_78,BARKERS BRANCH AT SR 1005 LANDSFORD RD near MARSHVILLE,RIVER/STREAM,,no,1/1/2003 5:00,10/1/2004 3:59,No,Union,MRO,3040105,YAD14,34.93202,-80.34358
120,YPDRBA,Q9021510,YPDRBA_68,BEAVERDAM CRK AT SR 1005 near MARSHVILLE,RIVER/STREAM,,no,7/1/2001 3:59,11/1/2006 5:00,No,Union,MRO,3040105,YAD14,34.95439,-80.35166
121,YPDRBA,Q9320000,YPDRBA_69,Little River at SR 1148 Grassy Island Road near Ellerbe,RIVER/STREAM,"Ups of Pee Dee River, Significant tributary",yes,6/1/1998 3:59,,No,Richmond,FRO,3040104,YAD15,35.1063,-79.8989
122,YPDRBA,Q9340000,YPDRBA_70,Toms Branch at SR 1310 (Bennett Road) near Ellerbe,RIVER/STREAM,Dns of Town of Ellerbe WWTP,yes,6/1/1998 3:59,,No,Richmond,FRO,3040104,YAD15,35.0878,-79.7894
123,YPDRBA,Q9345000,,Mountain Ck at SR 1150 (Green Road) nr Ellerbe,RIVER/STREAM,Previously unmonitored tributary to Pee Dee River,yes,8/1/2013 3:59,,No,Richmond,FRO,3040104,YAD,35.08913,-79.83514
124,YPDRBA,Q9400000,YPDRBA_71,Pee Dee River at US 74 near Rockingham,RIVER/STREAM,"Also a DWQ ambient station, Pee Dee River below Blewett Falls Lake",yes,6/1/1998 3:59,,Yes,Richmond,FRO,3040201,YAD16,34.94636,-79.87057
125,YPDRBA,Q9830000,YPDRBA_72,Pee Dee River approx. 6 miles downstream of NC 74 near Rockingham,RIVER/STREAM,,no,8/1/2000 3:59,9/1/2004 3:59,No,Anson,FRO,3040104,YAD16,34.86595,-79.87927
126,UCFRBA,B0050000,UCFRBA_2,Haw Riv at US 29 Bus near Benaja,RIVER/STREAM,ups Reidsville WWTP,yes,4/1/2000 5:00,,No,Rockingham,WSRO,3030002,CPF01,36.2652,-79.6523
127,LCFRP,B8981000,LCFRP_COL,Colly Creek at NC 53 at Colly,RIVER/STREAM,Hog operations in watershed,yes,2/1/1996 5:00,,No,Bladen,FRO,3030006,CPF20,34.46411,-78.25692
128,UCFRBA,B0070010,UCFRBA_1,Troublesome Crk at US 29 Bus near Reidsville,RIVER/STREAM,"major tributary, nps inputs",yes,4/1/2000 5:00,,No,Rockingham,WSRO,3030002,CPF01,36.2768,-79.6499
129,UCFRBA,B0170000,UCFRBA_3,Haw Riv at SR 2620 High Rock Rd near Williamsburg,RIVER/STREAM,below Reidsville WWTP,yes,4/1/2000 5:00,,No,Rockingham,WSRO,3030002,CPF01,36.2514,-79.5647
130,UCFRBA,B0400000,UCFRBA_4,Reedy Fork at SR 2719 High Rock Rd near Monticello,RIVER/STREAM,model verification,yes,2/1/2002 5:00,,No,Guilford,WSRO,3030002,CPF02,36.1778,-79.6177
131,UCFRBA,B0480050,UCFRBA_5,N Buffalo Crk at N Buffalo Crk WWTP Influent Conduit Pier at Greensboro,RIVER/STREAM,ups N. Buffalo WWTP,yes,4/1/2000 5:00,,No,Guilford,WSRO,3030002,CPF02,36.1074,-79.7502
132,UCFRBA,B0540050,UCFRBA_6,N Buffalo Crk at SR 2770 Huffine Mill Rd near McLeansville,RIVER/STREAM,dns N. Buffalo WWTP,yes,4/1/2000 5:00,,No,Guilford,WSRO,3030002,CPF02,36.1299,-79.6626
133,UCFRBA,B0670000,UCFRBA_7,S Buffalo Crk at SR 3000 McConnell Rd near Greensboro,RIVER/STREAM,"USGS gage, ups TZ Osborne WWTP",yes,4/1/2000 5:00,,No,Guilford,WSRO,3030002,CPF02,36.0598,-79.7256
134,UCFRBA,B0690000,UCFRBA_FORMER_7,S BUFFALO CRK AT OLD US 70 near GREENSBORO,RIVER/STREAM,,no,,,No,Guilford,WSRO,3030002,CPF02,36.09,-79.69
135,UCFRBA,B0750000,UCFRBA_8,S Buffalo Crk at SR 2821 Harvest Rd at McLeansville,RIVER/STREAM,"dns TZ Osborne WWTP, DWQ ambient stn",No,4/1/2000 5:00,5/1/2010 3:59,Yes,Guilford,WSRO,3030002,CPF02,36.1128,-79.6718
136,UCFRBA,B0840000,,Reedy Fork at NC 87 at Ossipee,RIVER/STREAM,,no,4/1/2000 5:00,7/1/2002 3:59,Yes,Alamance,WSRO,3030002,CPF02,36.17299,-79.51026
137,UCFRBA,B0850000,UCFRBA_9,Haw Riv at SR 1530 Gerringer Mill Rd near Ossipee,RIVER/STREAM,"above Burlington, Below Reedy Fork",no,4/1/2000 5:00,5/1/2010 3:59,No,Alamance,WSRO,3030002,CPF02,36.1531,-79.4894
138,UCFRBA,B0870000,UCFRBA_FORMER_9,Haw River at SR 1530 near Ossipee,RIVER/STREAM,,no,,,No,Alamance,WSRO,3030002,CPF02,36.13,-79.47
139,UCFRBA,B1020000,UCFRBA_9,Haw River at SR 1700 (Lower Hopedale Rd) at Hopedale,RIVER/STREAM,Ups Burlington East WWTP,yes,5/1/2010 3:59,,No,Alamance,WSRO,3030002,CPF02,36.1247,-79.4083
140,UCFRBA,B1200000,UCFRBA_13,Haw Riv at NC 54 near Graham,RIVER/STREAM,Between Burlington East and Graham,yes,4/1/2000 5:00,,No,Alamance,WSRO,3030002,CPF02,36.0481,-79.3667
141,UCFRBA,B1350000,UCFRBA_10,Moadams Crk at Corrigdor Rd ups of Discharge near Mebane,RIVER/STREAM,ups Mebane WWTP,yes,4/1/2000 5:00,,No,Alamance,WSRO,3030002,CPF02,36.0885,-79.2844
142,UCFRBA,B1380000,UCFRBA_11,Moadams Crk at SR 1940 Gibson Rd near Florence Town,RIVER/STREAM,dns Mebane WWTP,yes,4/1/2000 5:00,,No,Alamance,WSRO,3030002,CPF02,36.0891,-79.3074
143,UCFRBA,B1440000,UCFRBA_12,Haw Riv at SR 2158 Swepsonville Rd near Swepsonville,RIVER/STREAM,dns Graham WWTP,yes,4/1/2000 5:00,,No,Alamance,WSRO,3030002,CPF02,36.0256,-79.3682
144,UCFRBA,B1940000,UCFRBA_14,Big Alamance Crk at NC 87 near Swepsonville,RIVER/STREAM,ups Burlington S. WWTP,yes,4/1/2000 5:00,,No,Alamance,WSRO,3030002,CPF02,36.0242,-79.3943
145,UCFRBA,B1960000,UCFRBA_15,Big Alamance Crk at SR 2116 Boy Wood Rd at Swepsonsville,RIVER/STREAM,"dns Burlington S. WWTP, DWQ ambient stn",no,4/1/2000 5:00,3/31/2009 3:59,Yes,Alamance,WSRO,3030002,CPF02,36.0177,-79.367
146,UCFRBA,B1980000,UCFRBA_,Haw Riv at SR 2171 at Saxpahaw,RIVER/STREAM,,no,4/1/2000 5:00,1/1/2004 5:00,Yes,Alamance,WSRO,3030002,CPF04,35.95,-79.32
147,UCFRBA,B2000000,UCFRBA_16,Haw Riv at SR 1005 near Saxpahaw,RIVER/STREAM,"Rural area, dns Cane Creek",yes,1/1/2004 5:00,,No,Alamance,WSRO,3030002,CPF04,35.8953,-79.2585
148,UCFRBA,B2100000,,Haw Riv at SR 1713 near Bynum,RIVER/STREAM,"USGS Gage, ups Jordan L., DWQ ambient stn",yes,5/1/2005 3:59,,Yes,Chatham,RRO,3030002,CPF04,35.7716,-79.1449
149,UCFRBA,B2210000,UCFRBA_17,Haw River at US 64 near Pittsboro,RIVER/STREAM,,no,4/1/2000 5:00,5/1/2005 3:59,No,Chatham,RRO,3030002,CPF04,35.73087,-79.10703
150,UCFRBA,B2450000,UCFRBA_18,Robeson Crk at Boat Access Off SR 1943 near Hanks Chapel,RESERVOIR,"Dns Pittsboro WWTP, DWQ ambient stn, sample at boat dock",No,4/1/2000 5:00,5/1/2010 3:59,Yes,Chatham,RRO,3030002,CPF04,35.70315,-79.10027
151,UCFRBA,B3020000,UCFRBA_19,New Hope Creek at NC 54 near Durham,RIVER/STREAM,"ups S. Durham WRF, below waterfowl imp.",yes,4/1/2000 5:00,,No,Durham,RRO,3030002,CPF05,35.9167,-78.9704
152,UCFRBA,B3025000,UCFRBA_23,Third Fork Crk at NC 54 near Durham,RIVER/STREAM,Urban runoff,yes,4/1/2000 5:00,,No,Durham,RRO,3030002,CPF05,35.9187,-78.9548
153,UCFRBA,B3040000,UCFRBA_20,New Hope Crk at SR 1107 Stagecoach Rd near Blands,RIVER/STREAM,"Jordan Lake TMDL, USGS gage",yes,4/1/2000 5:00,,Yes,Durham,RRO,3030002,CPF05,35.8847,-78.9656
154,UCFRBA,B3300000,UCFRBA_21,Northeast Crk at SR 1102 Sedwick Road near RTP,RIVER/STREAM,ups Durham Co. RTP WWTP,yes,4/1/2000 5:00,,No,Durham,RRO,3030002,CPF05,35.88702,-78.89943
155,UCFRBA,B3670000,UCFRBA_22,Northeast Crk at SR 1731 O Kelly Church Road near Durham,RIVER/STREAM,"dns Durham Co. RTP WWTP, Jordan Lake TMDL",yes,4/1/2000 5:00,,No,Chatham,RRO,3030002,CPF05,35.8555,-78.9397
156,UCFRBA,B3899180,UCFRBA_24,Morgan Crk at Mason Farm WWTP Entrance at Chapel Hill,RIVER/STREAM,ups OWASA,yes,4/1/2000 5:00,,No,Orange,RRO,3030002,CPF06,35.8987,-79.0263
157,UCFRBA,B3900000,UCFRBA_25,Morgan Crk at SR 1726 Old Farrington Rd near Farrington,RIVER/STREAM,"dns OWASA, DWQ ambient stn",yes,4/1/2000 5:00,,Yes,Chatham,RRO,3030002,CPF06,35.8612,-79.01
158,UCFRBA,B4080000,UCFRBA_26,Haw Riv at SR 1011 Old US 1 near Haywood,RIVER/STREAM,"dns Honeywell, ups Neste Resins",yes,4/1/2000 5:00,,No,Chatham,RRO,3030002,CPF07,35.6164,-79.0569
159,UCFRBA,B4350000,UCFRBA_29,Deep Riv at SR 1113 Kivett Dr near Hayworth Spring,RIVER/STREAM,ups Richland Creek,yes,4/1/2000 5:00,,No,Guilford,WSRO,3030003,CPF08,35.9594,-79.9061
160,UCFRBA,B4378000,UCFRBA_,RICHLAND CRK AT SR 1193 BAKER RD near HIGH POINT,RIVER/STREAM,,no,4/1/2000 5:00,1/1/2004 5:00,No,Guilford,WSRO,3030003,CPF08,35.95,-79.95
161,UCFRBA,B4380000,UCFRBA_28,Richland Crk at SR 1154 Kersey Valley Rd near High point,RIVER/STREAM,"ups High Point Eastside WWTP, Fecal Coliform TMDL",yes,1/1/2004 5:00,,No,Guilford,WSRO,3030003,CPF08,35.941,-79.9322
162,UCFRBA,B4410000,,Richland Creek at SR 1145 Riverdale Road near High point,RIVER/STREAM,dns High Point Eastside WWTP,no,5/1/2005 3:59,5/31/2008 3:59,No,Guilford,WSRO,3030003,CPF08,35.9406,-79.9023
163,UCFRBA,B4440000,UCFRBA_30,DEEP RIV AT SR 1129 near HIGH POINT,RIVER/STREAM,Ambient station discontinued 01/07,no,4/1/2000 5:00,5/1/2005 3:59,No,Guilford,WSRO,3030003,CPF08,35.93774,-79.89008
164,UCFRBA,B4614500,,Randleman Lake at SR 1921 near Randleman,RESERVOIR,Below High Point Eastside WWTP,No,6/1/2008 3:59,5/1/2010 3:59,No,Randolph,WSRO,3030003,CPF08,35.90618,-79.85648
165,UCFRBA,B4621000,UCFRBA_31,Muddy Crk at SR 1917 (Suits Rd) near Glenola,RIVER/STREAM,Fecal Coliform TMDL,yes,5/1/2010 3:59,,No,Randolph,WSRO,3030003,CPF08,35.89579,-79.91951
166,UCFRBA,B4625000,UCFRBA_31,Muddy Crk at SR 1922 Muddy Creek Rd near Glenola,RIVER/STREAM,Fecal Coliform TMDL,No,5/1/2005 3:59,5/1/2010 3:59,No,Randolph,WSRO,3030003,CPF08,35.8836,-79.895
167,UCFRBA,B4626000,UCFRBA_FORMER_31,MUDDY CRK AT SR 1929 CEDAR SQUARE RD near GLENOLA,RIVER/STREAM,,no,4/1/2000 5:00,5/1/2005 3:59,No,Randolph,WSRO,3030003,CPF08,35.87,-79.88
168,UCFRBA,B4770500,UCFRBA_33,Deep Riv at Bus 220 Main St at Randleman,RIVER/STREAM,ups Randleman WWTP ups Hasketts Creek,yes,4/1/2000 5:00,,No,Randolph,WSRO,3030003,CPF08,35.8233,-79.8033
169,UCFRBA,B4780000,UCFRBA_FORMER_33,DEEP RIV AT SR 2117 FOX RD near RANDLEMAN,RIVER/STREAM,,no,,,No,Randolph,WSRO,3030003,CPF08,35.82,-79.8
170,UCFRBA,B4800000,UCFRBA_34,Deep Riv at SR 2122/2128 Worthville Rd at Worthville,RIVER/STREAM,dns Randleman WWTP dns Worthville dam,yes,4/1/2001 5:00,,No,Randolph,WSRO,3030003,CPF09,35.8007,-79.77623
171,UCFRBA,B4850000,UCFRBA_,HASKETT CRK AT US 220 BUS near NORTH ASHEBORO,RIVER/STREAM,,no,4/1/2000 5:00,9/30/2006 3:59,No,Randolph,WSRO,3030003,CPF09,35.7645,-79.80676
172,UCFRBA,B4870000,UCFRBA_32,Haskett Crk at Asheboro WWTP Bridge near Asheboro,RIVER/STREAM,ups Asheboro WWTP,yes,3/1/2004 5:00,,No,Randolph,WSRO,3030003,CPF09,35.7647,-79.7862
173,UCFRBA,B4890000,,HASKETT CRK AT SR 2128 near CENTRAL FALLS,RIVER/STREAM,,no,4/1/2000 5:00,4/1/2001 5:00,No,Randolph,WSRO,3030003,CPF09,35.77,-79.78
174,UCFRBA,B4920000,UCFRBA_35,Deep Riv at SR 2261 Old Liberty Rd near Central Falls,RIVER/STREAM,"dns Asheboro WWTP, below Hasketts Creek",yes,4/1/2000 5:00,,No,Randolph,WSRO,3030003,CPF09,35.7635,-79.77213
175,UCFRBA,B5070000,UCFRBA_36,Deep Riv at SR 2615 Brooklyn Ave at Ramseur,RIVER/STREAM,"ups Ramseur WWTP,",yes,4/1/2000 5:00,,No,Randolph,WSRO,3030003,CPF09,35.7302,-79.6558
176,UCFRBA,B5100000,UCFRBA_37,Deep Riv at SR 2628 Hinshaw Town Rd near Parks Crossroads,RIVER/STREAM,dns Ramseur WWTP,yes,4/1/2000 5:00,,No,Randolph,WSRO,3030003,CPF09,35.6724,-79.6274
177,UCFRBA,B5390800,UCFRBA_,Cotton Crk at SR 1372 Auman Rd near Star,RIVER/STREAM,dns Starr WWTP,yes,7/1/2000 3:59,,No,Montgomery,FRO,3030003,CPF10,35.3782,-79.7551
178,UCFRBA,B5410000,UCFRBA_39,COTTON CRK AT SR 1370 LEACH RD near STAR,RIVER/STREAM,,no,,,No,Montgomery,FRO,3030003,CPF10,35.39,-79.74
179,UCFRBA,B5520000,UCFRBA_38,Deep Riv at NC 22 at High Falls,RIVER/STREAM,dns Robbins WWTP,No,4/1/2000 5:00,5/1/2010 3:59,No,Moore,FRO,3030003,CPF10,35.4777,-79.5195
180,UCFRBA,B5575000,UCFRBA_40,DEEP RIV AT NC 42 AT CARBONTON,RIVER/STREAM,,no,4/1/2000 5:00,5/1/2005 3:59,Yes,Chatham,RRO,3030003,CPF10,35.52004,-79.34854
181,UCFRBA,B5685000,UCFRBA_41,Deep Riv at Deep River Park Bridge near Cumnock,RIVER/STREAM,ups Golden Poultry,yes,4/1/2000 5:00,,No,Chatham,RRO,3030003,CPF11,35.5704,-79.2411
182,UCFRBA,B5820000,UCFRBA_42,Deep Riv at US 15 And 501 near Sanford,RIVER/STREAM,dns Sanford WWTP,yes,4/1/2000 5:00,,No,Lee,RRO,3030003,CPF11,35.5782,-79.1942
183,UCFRBA,B5890000,,Loves Creek at Waste Treatment Plant Rd at Siler City,RIVER/STREAM,Ups of Siler City WWTP,yes,4/1/2009 3:59,,No,Chatham,RRO,3030003,CPF12,35.72978,-79.42892
184,UCFRBA,B5920000,,Loves Creek at Progress Blvd at Siler City,RIVER/STREAM,Dns of Siler City WWTP,yes,4/1/2009 3:59,,No,Chatham,RRO,3030003,CPF12,35.73219,-79.42463
185,UCFRBA,B5950000,UCFRBA_43,Rocky Riv at US 64 near Siler City,RIVER/STREAM,"dns reservoir, ups Siler City WWTP",yes,4/1/2000 5:00,,No,Chatham,RRO,3030003,CPF12,35.7351,-79.4233
186,UCFRBA,B5980000,UCFRBA_44,Rocky Riv at SR 2170 Rives Chapel Rd near Siler City,RIVER/STREAM,dns Siler City WWTP,yes,4/1/2000 5:00,,No,Chatham,RRO,3030003,CPF12,35.6985,-79.3756
187,UCFRBA,B6040300,UCFRBA_27,Deep Riv at SR 1011 Old US 1 near Moncure,RIVER/STREAM,"ups of confluence with Haw River, DWQ ambient stn",yes,4/1/2000 5:00,,Yes,Chatham,RRO,3030003,CPF11,35.6176,-79.0912
188,UCFRBA,B6050000,UCFRBA_,Deep River at CSX RR Bridge near Moncure,RIVER/STREAM,,no,,,No,Chatham,RRO,3030003,CPF11,35.62,-79.08
189,MCFBA,B6130500,MCFBA_C1,Lick Creek at SR 1500 near Corinth,RIVER/STREAM,voluntary station -- Previously unmonitored tributary,yes,7/1/1998 3:59,,No,Lee,RRO,3030004,CPF07,35.5592,-79.055
190,MCFBA,B6160000,MCFBA_01,Cape Fear River at NC 42 near Corinth,RIVER/STREAM,"Above Buckhorn dam, WQ problems, former DWQ ambient stn (ambient discontinued 01/07), downstream of the Progress Energy facility",yes,7/1/1998 3:59,,No,Chatham,RRO,3030004,CPF07,35.54905,-79.02463
191,MCFBA,B6200000,MCFBA_FORMER_02,Buckhorn Creek at NC 42 near Fuquay Varina,RIVER/STREAM,"Below Harris Lake, dns Shearon Harris, USGS gage",no,7/1/1998 3:59,9/1/2005 3:59,No,Chatham,RRO,3030004,CPF07,35.55941,-78.97342
192,MCFBA,B6204000,MCFBA_02a,Buckhorn Crk beside SR 1921 Buckhorn Rd near Corinth,RIVER/STREAM,"Below Harris Lake, dns Shearon Harris, USGS gage",yes,9/1/2005 3:59,,No,Chatham,RRO,3030004,CPF07,35.54353,-78.98986
193,MCFBA,B6215000,MCFBA_31,Cape Fear River at Captains Landing Subdivision near Cokesbury,RIVER/STREAM,dns of Western Wake discharge,yes,7/1/2010 3:59,,No,Harnett,FRO,3030004,CPF07,35.4871,-78.9516
194,MCFBA,B6230000,MCFBA_C2,Avents Creek at SR 1418 near Cokesbury,RIVER/STREAM,"voluntary station -- Excellent IBI, fish reference site",yes,7/1/1998 3:59,,No,Harnett,FRO,3030004,CPF07,35.4875,-78.9094
195,MCFBA,B6252000,MCFBA_26,Neills Creek at US 401 near Lillington,RIVER/STREAM,"Dns Kenneth Creek, significant tributary, broad Ag. Concerns",yes,1/1/2001 5:00,,No,Harnett,FRO,3030004,CPF07,35.4281,-78.824
196,MCFBA,B6320000,MCFBA_03,Kenneth Creek at SR 1441 Chalybeate Springs Road near Angier,RIVER/STREAM,"Dns of Fuquay-Varina WWTP and Senter’s Rest Home, benthic concerns, DWQ benthos and fish site",yes,7/1/1998 3:59,,No,Harnett,FRO,3030004,CPF07,35.51435,-78.78622
197,MCFBA,B6370000,MCFBA_04,Cape Fear River at US 401 at Lillington,RIVER/STREAM,"Ups Harnett WWTP, Buies Creek WWTP, Angier WWTP, DWQ ambient, DWQ benthic and fish station, sample from bank at boat dock upstream of US 401 bridge.",yes,7/1/1998 3:59,,Yes,Harnett,FRO,3030004,CPF07,35.4067,-78.81493
198,MCFBA,B6480000,MCFBA_FORMER_C3,BUIES CRK AT US 421 AT BUIES CREEK,RIVER/STREAM,,no,10/1/2002 3:59,7/1/2003 3:59,No,Harnett,FRO,3030004,CPF07,35.41,-78.75
199,MCFBA,B6483000,MCFBA_FORMER_C3,E BUIES CRK AT SR 2054 AT BUIES CREEK,RIVER/STREAM,,no,7/1/1998 3:59,10/1/2002 3:59,No,Harnett,FRO,3030004,CPF07,35.4,-78.73
200,MCFBA,B6485000,MCFBA_C3a,Buies Creek behind Keith Hills Golf Course Maintenance Shop at Buies Creek,RIVER/STREAM,voluntary station -- Previously unmonitored tributary,yes,7/1/2003 3:59,,No,Harnett,FRO,3030004,CPF07,35.3907,-78.7527
201,MCFBA,B6820050,MCFBA_29,Upper Little River at SR 1222 (Broadway Road) near Broadway,RIVER/STREAM,"Dns Carolina Trace WWTP, DWQ benthic station",yes,7/1/2008 3:59,,No,Harnett,FRO,3030004,,35.4067,-79.0628
202,MCFBA,B6830000,MCFBA_06,Upper Little River at SR 2021 Titan Roberts Road near Lillington,RIVER/STREAM,"Measures Upper Little River input, significant tributary, DWQ ambient and benthic station, excellent bioassessment in 1998",yes,7/1/1998 3:59,,Yes,Harnett,FRO,3030004,CPF13,35.32656,-78.72373
203,MCFBA,B6840000,MCFBA_05,Cape Fear River at NC 217 at Erwin,RIVER/STREAM,"7 facilities discharge to Cape Fear river between this stn and the next ups stn. Dns Erwin WWTP, ups Dunn WWTP, former DWQ ambient stn (ambient discontinued 01/07)",yes,7/1/1998 3:59,,No,Harnett,FRO,3030004,CPF07,35.31207,-78.69318
204,MCFBA,B7280000,MCFBA_27,Lower Little River at SR 1451 at Manchester,RIVER/STREAM,"Dns of Ft Bragg WWTP and ups of Spring Lake WWTP, USGS gage, improving IBI, provide WQ data prior to future ups regional WWTP",no,7/1/2003 3:59,6/30/2008 3:59,Yes,Cumberland,FRO,3030004,CPF14,35.1932,-78.9856
205,MCFBA,B7300000,MCFBA_07,Lower Little River at NC 210 near Spring Lake,RIVER/STREAM,Dns Spring Lake WWTP,yes,7/1/1998 3:59,,No,Cumberland,FRO,3030004,CPF14,35.2021,-78.953
206,MCFBA,B7319100,,Lower Little River at SR 1609 (West Reeves Bridge Road) near Walkertown,RIVER/STREAM,Dns Future South Harnett WWTP,yes,7/1/2008 3:59,,no,Cumberland,FRO,3030004,,35.2598,-78.8231
207,MCFBA,B7480000,MCFBA_08,Cape Fear River at Hoffer Water Treatment Plant intake at Fayetteville,RIVER/STREAM,Ups Cross Creek WWTP,yes,7/1/1998 3:59,,No,Cumberland,FRO,3030004,CPF15,35.08249,-78.86375
208,MCFBA,B7490000,,CAPE FEAR RIV UPS CROSS CREEK WWTP AT FAYETTEVILLE,RIVER/STREAM,,no,,,No,Cumberland,FRO,3030004,CPF15,35.06848,-78.85469
209,MCFBA,B7500000,MCFBA_10,Cape Fear River at I-95 below Fayetteville,RIVER/STREAM,Dns Cross Creek WWTP,yes,7/1/1998 3:59,,No,Cumberland,FRO,3030004,CPF15,34.983,-78.848
210,MCFBA,B7546500,,CROSS CRK OFF BRAGG BLVD AT FAYETTEVILLE,RIVER/STREAM,,no,1/1/2005 5:00,4/1/2005 5:00,No,Cumberland,FRO,3030004,CPF15,35.05863,-78.88527
211,MCFBA,B7547000,MCFBA_C9,Cross Crk at Cross Creek Park at Fayetteville,RIVER/STREAM,voluntary station -- part of Cross Crk fecal coliform study,no,1/1/2005 5:00,7/1/2013 3:59,No,Cumberland,FRO,3030004,CPF15,35.0538,-78.8769
212,MCFBA,B7584000,MCFBA_C10,Blount's Crk at US 301A Person St at Fayetteville,RIVER/STREAM,voluntary station -- part of Cross Crk fecal coliform study,no,7/1/2005 3:59,7/1/2013 3:59,No,Cumberland,FRO,3030004,CPF15,35.0497,-78.8703
213,MCFBA,B7584005,,BLOUNTS CRK OFF ADAMS ST AT FAYETTEVILLE,RIVER/STREAM,,no,1/1/2005 5:00,4/1/2005 5:00,No,Cumberland,FRO,3030004,CPF15,35.05,-78.87
214,MCFBA,B7584800,MCFBA_C8,UT to Cross Crk off Anne St at Fayetteville,RIVER/STREAM,voluntary station -- part of Cross Crk fecal coliform study,no,1/1/2005 5:00,7/1/2013 3:59,No,Cumberland,FRO,3030004,CPF15,35.0622,-78.8718
215,MCFBA,B7584900,MCFBA_C7,UT to Cross Crk at Cross Creek WRF at Fayetteville,RIVER/STREAM,voluntary station -- part of Cross Crk fecal coliform study,no,7/1/2005 3:59,7/1/2013 3:59,No,Cumberland,FRO,3030004,CPF15,35.0599,-78.8647
216,MCFBA,B7589000,MCFBA_FORMER_C4,CROSS CRK AT WALKWAY AT PWC WWTP,RIVER/STREAM,,no,7/1/1998 3:59,10/1/2002 3:59,No,Cumberland,FRO,3030004,CPF16,35.06,-78.86
217,MCFBA,B7590000,MCFBA_C4,Cross Creek at Bus NC 301/Bus I-95 in Fayetteville,RIVER/STREAM,"voluntary station -- Urban tributary, poor water quality",yes,10/1/2002 3:59,,No,Cumberland,FRO,3030004,CPF15,35.0547,-78.8625
218,MCFBA,B7610000,MCFBA_09,CAPE FEAR RIV AT RIVERSIDE LANDING,RIVER/STREAM,,no,7/1/1998 3:59,7/1/2003 3:59,No,Cumberland,FRO,3030004,CPF15,35.05,-78.86
219,MCFBA,B7655000,MCFBA_,CAPE FEAR RIV AT I 95 BELOW FAYETTEVILLE,RIVER/STREAM,,no,,,No,Cumberland,FRO,3030004,CPF15,34.98,-78.85
220,MCFBA,B7679000,MCFBA_11,ROCKFISH CRK AT SR 1300 VASS ROAD,RIVER/STREAM,,no,7/1/1998 3:59,7/1/2003 3:59,No,Hoke,FRO,3030004,CPF15,35.01,-79.24
221,MCFBA,B7679300,MCFBA_28,Rockfish Creek at US 401 bypass near Raeford,RIVER/STREAM,"Ups Raeford WWTP, USGS gage",yes,7/1/2003 3:59,,No,Hoke,FRO,3030004,CPF15,34.9995,-79.2148
222,MCFBA,B7700000,MCFBA_12,Rockfish Creek at SR 1432 Golf Course Road near Raeford,RIVER/STREAM,"5 mi dns Raeford WWTP, DWQ ambient stn, DWQ benthos stn",yes,7/1/1998 3:59,,Yes,Hoke,FRO,3030004,CPF15,34.968,-79.11
223,MCFBA,B8229000,MCFBA_FORMER_13,ROCKFISH CRK AT SPECIAL FORCES CLUB,RIVER/STREAM,,no,9/1/2000 3:59,9/30/2002 3:59,No,Cumberland,FRO,3030004,CPF15,34.95,-78.86
224,MCFBA,B8230000,MCFBA_13,Rockfish Creek at NC 87 near Fayetteville,RIVER/STREAM,"Area w/excellent WQ, major tributary input, excellent IBI in 1998 an improvement since 1993",yes,7/1/1998 3:59,,No,Cumberland,FRO,3030004,CPF15,34.95608,-78.84405
225,MCFBA,B8290000,MCFBA_14,Cape Fear River at Dupont water intake ups of L&D3,RIVER/STREAM,"Dns Monsanto and Rockfish Creek WWTP, WQ at Lock 3",yes,7/1/1998 3:59,,No,Cumberland,FRO,3030005,CPF16,34.84945,-78.82629
226,MCFBA,B8301000,MCFBA_15,CAPE FEAR RIV BELOW LOCK AND DAM 3 BOAT RAMP,RIVER/STREAM,,no,7/1/1998 3:59,7/1/2003 3:59,No,Bladen,FRO,3030005,CPF16,34.83,-78.82
227,MCFBA,B8302000,MCFBA_16,Cape Fear River at power lines -no road- near Tolarsville,RIVER/STREAM,Ups of Smithfield Foods,yes,7/1/1998 3:59,,No,Bladen,FRO,3030005,CPF16,34.78434,-78.79825
228,MCFBA,B8305000,MCFBA_17,Cape Fear River at SR 1316 at Tar Heel,RIVER/STREAM,"Dns of Smithfield Foods, former DWQ ambient stn (ambient discontinued 01/07)",yes,7/1/1998 3:59,,No,Bladen,FRO,3030005,CPF16,34.74477,-78.78563
229,MCFBA,B8306000,MCFBA_18,Cape Fear River at RM 80 near Ruskin,RIVER/STREAM,Ups Danaher; RM 80 Below Harrison Cr,yes,7/1/1998 3:59,,No,Bladen,FRO,3030005,CPF16,34.68308,-78.68465
230,MCFBA,B8315000,MCFBA_C5,Harrison Creek at SR 1320 at Burney,RIVER/STREAM,voluntary station -- Improving IBI and fish data,yes,7/1/1998 3:59,,No,Bladen,FRO,3030005,CPF16,34.7317,-78.7164
231,MCFBA,B8320000,MCFBA_20,Cape Fear River at US 701 at Elizabethtown,RIVER/STREAM,Ups Elizabethtown WWTP,yes,7/1/1998 3:59,,No,Bladen,FRO,3030005,CPF16,34.63239,-78.60286
232,MCFBA,B8330000,MCFBA_19,CAPE FEAR RIV DNS MOUTH OF ELLIS CRK,RIVER/STREAM,,no,7/1/1998 3:59,7/1/2003 3:59,No,Bladen,FRO,3030005,CPF16,34.65,-78.64
233,MCFBA,B8339000,MCFBA_21,Cape Fear River above Lock & Dam 2,RIVER/STREAM,"DWQ benthic and fish stn, dns Elizabethtown WWTP",yes,7/1/1998 3:59,,No,Bladen,FRO,3030005,CPF16,34.627,-78.578
234,LCFRP,B8340050,LCFRP_BRN,Browns Creek at NC87 near Elizabethtown,RIVER/STREAM,hog farm area,yes,2/1/1996 5:00,,No,Bladen,FRO,3030005,CPF16,34.6136,-78.5848
235,MCFBA,B8340100,MCFBA_C6,"Turnbull Creek at US 701, NC 53, and NC 41 near Elizabethtown",RIVER/STREAM,voluntary station -- Significant tributary,yes,7/1/2000 3:59,,No,Bladen,FRO,3030005,CPF16,34.647,-78.5567
236,MCFBA,B8340130,MCFBA_22,Cape Fear River at RM 70 near Elizabethtown,RIVER/STREAM,"Dns Turnbull and Browns Creeks, 2 mi below Lock and Dam 2",yes,7/1/1998 3:59,,No,Bladen,FRO,3030005,CPF16,34.62458,-78.55048
237,LCFRP,B8340200,LCFRP_HAM,Hammond Creek at SR 1704 near Mt. Olive,RIVER/STREAM,hog farm area,yes,2/1/1996 5:00,,No,Bladen,FRO,3030005,CPF16,34.5685,-78.5515
238,MCFBA,B8340650,MCFBA_23,Cape Fear River at RM 55-no road-near Bladen Springs,RIVER/STREAM,"Mid Lower Basin WQ, beginning DO sag",yes,7/1/1998 3:59,,No,Bladen,FRO,3030005,CPF16,34.53518,-78.43975
239,MCFBA,B8348000,MCFBA_24,Cape Fear River at SR 1730 -Elwell Ferry Road-near Carvers,RIVER/STREAM,DWQ benthic stn,yes,7/1/1998 3:59,,No,Bladen,FRO,3030005,CPF16,34.474,-78.369
240,MCFBA,B8349000,MCFBA_25,Cape Fear River above Lock & Dam 1 near East Arcadia,RIVER/STREAM,WQ at Lock and Dam 1,yes,7/1/1998 3:59,,No,Bladen,FRO,3030005,CPF16,34.40601,-78.2943
241,LCFRP,B8360000,LCFRP_NC 11,Cape Fear River at NC 11 near East Arcadia,RIVER/STREAM,former ambient station (ambient discontinued 01/07); just downstm Lock and Dam 1,yes,2/1/1996 5:00,,No,Bladen,WIRO,3030005,CPF16,34.3969,-78.2675
242,LCFRP,B8370000,LCFRP_60,CAPE FEAR RIV AT BLENON LANDING,RIVER/STREAM,,no,2/1/1996 5:00,6/1/1997 3:59,No,Columbus,WIRO,3030005,CPF16,34.3747,-78.24
243,LCFRP,B8441000,LCFRP_LVC2,Livingston Creek at Wright Corp. Walkway near Acme,RIVER/STREAM,"DWQ ambient stn, dns Wright Corp.",no,2/1/2004 5:00,8/1/2015 3:59,Yes,Columbus,WIRO,3030005,CPF17,34.3353,-78.2011
244,LCFRP,B8445000,LCFRP_74,LIVINGSTON CRK AT MOUTH near RIEGELWOOD,RIVER/STREAM,,no,2/1/1996 5:00,2/1/2004 5:00,No,Columbus,WIRO,3030005,CPF17,34.35,-78.2
245,LCFRP,B8450000,LCFRP_AC,Cape Fear River at Neils Eddy Landing near Acme,RIVER/STREAM,"1 mile below IP, DWQ ambient stn",yes,2/1/1996 5:00,,Yes,Columbus,WIRO,3030005,CPF17,34.3555,-78.1794
246,LCFRP,B8465000,LCFRP_DP,Cape Fear River at Intake near Hooper Hill,RIVER/STREAM,"At DAK intake, just ups of Black River",yes,2/1/1996 5:00,,No,Brunswick,WIRO,3030005,CPF17,34.3358,-78.0534
247,LCFRP,B8470000,LCFRP_SR,South River at US 13 near Cooper,RIVER/STREAM,dns Dunn runoff,yes,2/1/1996 5:00,,No,Sampson,FRO,3030006,CPF18,35.156,-78.6401
248,LCFRP,B8604000,LCFRP_GCO,Great Coharie Creek at SR 1214 near Butler Crossroads,RIVER/STREAM,"8 miles dns Clinton WWTP, nonpoint impacts",yes,2/1/1996 5:00,,No,Sampson,FRO,3030006,CPF19,34.9186,-78.3887
249,LCFRP,B8610001,LCFRP_LCO,Little Coharie Creek at SR 1207 near Ingold,RIVER/STREAM,"Just ups Great Coharie Ck, hog ops in watershed",yes,2/1/1996 5:00,,No,Sampson,FRO,3030006,CPF19,34.8347,-78.3709
250,LCFRP,B8740000,LCFRP_6RC,Six Runs Creek at SR 1003 near Ingold,RIVER/STREAM,"Just ups Black River, hog operations in watershed",yes,2/1/1996 5:00,,No,Sampson,FRO,3030006,CPF19,34.7933,-78.3113
251,LCFRP,B8920000,LCFRP_SR-WC,South River at SR 1007 nr Kerr,RIVER/STREAM,Ups of Black River,yes,3/1/2013 5:00,,No,Sampson,FRO,3030006,,34.6402,-78.3116
252,LCFRP,B9000000,LCFRP_B210,Black River at NC 210 at Still Bluff,RIVER/STREAM,1st bridge ups of Cape Fear River,yes,2/1/1996 5:00,,No,Pender,WIRO,3030006,CPF20,34.4312,-78.1441
253,LCFRP,B9030000,LCFRP_IC,Cape Fear River ups Indian Creek near Phoenix,RIVER/STREAM,"Dns DAK, BASF, and Fortron",yes,2/1/1996 5:00,,No,Brunswick,WIRO,3030005,CPF17,34.3021,-78.0137
254,LCFRP,B9050000,LCFRP_,Cape Fear River at Navassa,RIVER/STREAM,"DWQ stn, dns Progress Energy and Leland Ind. Pk",no,2/1/1996 5:00,2/1/1996 5:00,Yes,Brunswick,WIRO,3030005,CPF17,34.2612,-77.9891
255,LCFRP,B9050025,LCFRP_NAV,Cape Fear River Dns RR Bridge at Navassa,ESTUARY,"Downstream railroad bridge tressle, approximately 800-1000 ft. downstream of B9050000",yes,2/1/1996 5:00,,No,Brunswick,WIRO,3030005,CPF17,34.25943,-77.98767
256,LCFRP,B9050100,LCFRP_HB,Cape Fear River at Horseshoe Bend near Wilmington,ESTUARY,Ups NE Cape Fear River,yes,2/1/1996 5:00,,No,Brunswick,WIRO,3030005,CPF17,34.2437,-77.9698
257,LCFRP,B9090000,LCFRP_NC403,Northeast Cape Fear River at NC 403 near Williams,RIVER/STREAM,"Dns Mt. Olive WWTP, DWQ ambient stn",yes,2/1/1996 5:00,,Yes,Duplin,WIRO,3030007,CPF21,35.1784,-77.9807
258,LCFRP,B9130000,LCFRP_PB,Panther Branch near Faison,RIVER/STREAM,"Sample from Bay Valley Foods (formerly Dean Foods) access Rd, dns Bay Valley WWTP",yes,2/1/1996 5:00,,No,Duplin,WIRO,3030007,CPF22,35.1345,-78.1363
259,LCFRP,B9191000,LCFRP_GS,Goshen Swamp at NC 11 and NC 903 near Kornegay,RIVER/STREAM,"Major trib to NE CFR, Ag. and Hog ops in watershed",yes,2/1/1996 5:00,,No,Duplin,WIRO,3030007,CPF22,35.02808,-77.8516
260,LCFRP,B9191500,LCFRP_SAR,Northeast Cape Fear River SR 1700 near Sarecta,RIVER/STREAM,Dns Guilford Mills and Cogentrix WWTPs,yes,2/1/1996 5:00,,No,Duplin,WIRO,3030007,CPF22,34.9801,-77.8622
261,LCFRP,B9290000,LCFRP_76,NORTHEAST CAPE FEAR RIV AT NC 41,RIVER/STREAM,,no,2/1/1996 5:00,5/30/1997 3:59,No,Duplin,WIRO,3030007,CPF22,34.8305,-77.83233
262,LCFRP,B9430000,LCFRP_ROC,Rockfish Creek at US 117 near Wallace,RIVER/STREAM,Ups Wallace WWTP2,yes,2/1/1996 5:00,,No,Duplin,WIRO,3030007,CPF22,34.7168,-77.9795
263,LCFRP,B9460000,LCFRP_LRC,Little Rockfish Creek at NC 11 near Wallace,RIVER/STREAM,"Ups Wallace WWTP1, benthic stn",yes,2/1/1996 5:00,,No,Duplin,WIRO,3030007,CPF22,34.7224,-77.9814
264,LCFRP,B9490000,LCFRP_ANC,Angola Creek at NC 53 near Maple Hill,RIVER/STREAM,"former DWQ ambient stn (discontinued 01/07), benthic stn",yes,2/1/1996 5:00,,No,Pender,WIRO,3030007,CPF23,34.6562,-77.7351
265,LCFRP,B9500000,LCFRP_BCRR,Burgaw Creek at SR 1345 Wright St. at Burgaw,RIVER/STREAM,Ups Burgaw WWTP,no,2/1/1996 5:00,1/7/2013 5:00,No,Pender,WIRO,3030007,CPF23,34.56334,-77.93481
266,LCFRP,B9520000,LCFRP_BC117,Burgaw Creek at US 117 at Burgaw,RIVER/STREAM,"DWQ ambient stn, dns Burgaw WWTP",no,2/1/1996 5:00,1/7/2013 5:00,Yes,Pender,WIRO,3030007,CPF23,34.5637,-77.922
267,LCFRP,B9580000,LCFRP_NCF117,Northeast Cape Fear River at US 117 at Castle Hayne,RIVER/STREAM,"DWQ ambient stn, dns Elementis Chromium wwtp; sample at dock",yes,2/1/1996 5:00,,Yes,New Hanover,WIRO,3030007,CPF23,34.36368,-77.89651
268,LCFRP,B9670000,LCFRP_NCF 6,Northeast Cape Fear River near Wrightsboro,RIVER/STREAM,Below GNF and Arteva WWTPs,yes,2/1/1996 5:00,,No,New Hanover,WIRO,3030007,CPF23,34.3171,-77.9538
269,LCFRP,B9720000,LCFRP_SC-CH,Smith Creek at US 117 and NC 133 at Wilmington,RIVER/STREAM,"Dns Smith Ck WWTP, urban runoff",yes,6/1/2001 3:59,,No,New Hanover,WIRO,3030007,CPF23,34.2586,-77.9391
270,LCFRP,B9750000,LCFRP_86,Cape Fear Riv at CM 61,ESTUARY,,no,,,No,New Hanover,WIRO,,CPF17,34.2,-77.96
271,LCFRP,B9790000,LCFRP_BRR,Brunswick River dns NC 17 at park near Belville,ESTUARY,"Park access from SR 133, dns Belville WWTP",yes,2/1/1996 5:00,,No,Brunswick,WIRO,3030005,CPF17,34.2214,-77.9787
272,LCFRP,B9795000,LCFRP_M54,Cape Fear River at Channel Marker 54,ESTUARY,Dns Wilmington Southside WWTP,yes,2/1/1996 5:00,,No,New Hanover,WIRO,3030005,CPF17,34.1393,-77.946
273,LCFRP,B9800000,LCFRP_M61,Cape Fear River at Channel Marker 61 at Wilmington,ESTUARY,"Dns Wilmington Northside WWTP, DWQ ambient stn",yes,2/1/1996 5:00,,Yes,New Hanover,WIRO,3030005,CPF17,34.1938,-77.9573
274,LCFRP,B9845100,LCFRP_M42,Cape Fear River at Channel Marker 42,ESTUARY,"Many private WWTPs, ups Snows Cut",no,2/1/1996 5:00,6/30/2011 3:59,No,Brunswick,WIRO,3030005,CPF17,34.0902,-77.9336
275,LCFRP,B9850100,LCFRP_M35,Cape Fear River at Channel Marker 35,ESTUARY,Ups Carolina Beach WWTP,yes,2/1/1996 5:00,,No,Brunswick,WIRO,3030005,CPF17,34.0335,-77.937
276,LCFRP,B9910000,LCFRP_M23,Cape Fear River at Channel Marker 23,ESTUARY,Dns Carolina Beach WWTP,yes,2/1/1996 5:00,,No,Brunswick,WIRO,3030005,CPF17,33.9456,-77.9696
277,LCFRP,B9921000,LCFRP_M18,Cape Fear River at Channel Marker 18,ESTUARY,Nr Mouth of Cape Fear River,yes,2/1/1996 5:00,,No,Brunswick,WIRO,3030005,CPF17,33.913,-78.017
278,LCFRP,B9980000,LCFRP_SPD,Intracoastal Waterway near Southport,CANAL TRANSPORT,1000 ft W. Southport discharge,no,2/1/1996 5:00,6/30/2011 3:59,No,Brunswick,WIRO,3030005,CPF17,33.9173,-78.0379
279,LNBA,J2170000,,Smith Creek at SR 2049 near Wake Forest,RIVER/STREAM,,no,12/1/1994 5:00,12/31/1994 5:00,Yes,Wake,RRO,3020201,NEU02,35.947,-78.508
280,LNBA,J2230000,LNBA_1,Smith Creek at SR 2045 Burlington Mill Road near Wake Forest,RIVER/STREAM,DWQ benthic and fish station.,yes,12/1/1994 5:00,,No,Wake,RRO,3020201,NEU02,35.9182,-78.5348
281,LNBA,J2330000,LNBA_2,Neuse River at SR 2215 Buffalo Road near Neuse,RIVER/STREAM,about 7 mi dns Smith Creek WWTP,yes,12/1/1994 5:00,,No,Wake,RRO,3020201,NEU02,35.8479,-78.5302
282,LNBA,J2360000,LNBA_3,Neuse River above Milburnie Dam near Raleigh,RIVER/STREAM,sample approximately 500 ft.above dam,no,12/1/1994 5:00,1/1/2012 5:00,No,Wake,RRO,3020201,NEU02,35.8022,-78.5386
283,LNBA,J2363000,,Neuse River below Milburnie Dam near Raleigh,RIVER/STREAM,sample from dam,no,10/1/2004 3:59,1/31/2007 5:00,No,Wake,RRO,3020201,NEU02,35.80019,-78.54001
284,LNBA,J2370000,,Neuse River at US 64 at Milburnie,RIVER/STREAM,,no,12/1/1994 5:00,12/31/1994 5:00,Yes,Wake,RRO,3020201,NEU02,35.793,-78.539
285,LNBA,J3210000,LNBA_5,Crabtree Creek at Lassiter Mill Dam at Raleigh,RIVER/STREAM,"dns Cary Northside WWTP, sample from dam, DO sag",no,12/1/1994 5:00,8/1/2014 3:59,No,Wake,RRO,3020201,NEU02,35.8272,-78.6508
286,LNBA,J3290000,,Crabtree Crk at US 1 (Capital Blvd) at Raleigh,RIVER/STREAM,"dns North Cary WRF, USGS gage",yes,8/1/2014 3:59,,No,Wake,RRO,3020201,,35.8108,-78.6117
287,LNBA,J3470000,LNBA_,Crabtree Creek at SR 2036 New Hope Road near Wilders Grove,RIVER/STREAM,,no,12/1/1994 5:00,2/1/2004 5:00,No,Wake,RRO,3020201,NEU02,35.78,-78.56
288,LNBA,J3530000,,Neuse River at SR 1007 (Poole Rd) near Raleigh,RIVER/STREAM,ups Neuse River WWTP,no,10/1/2014 3:59,12/31/2015 5:00,No,Wake,RRO,3020201,NEU02,35.754,-78.532
289,LNBA,J3970000,LNBA_6,Walnut Creek at SR 2551 Barwell Road near Raleigh,RIVER/STREAM,"Urban 303d, DWQ benthic and fish station",yes,12/1/1994 5:00,,No,Wake,RRO,3020201,NEU02,35.7493,-78.5345
290,LNBA,J4050000,LNBA_7,Neuse River at SR 2555 Auburn Knightdale Road near Raleigh,RIVER/STREAM,ups Neuse River WWTP,yes,12/1/1994 5:00,,No,Wake,RRO,3020201,NEU02,35.7266,-78.5139
291,LNBA,J4080000,LNBA_8,Poplar Creek at SR 2049 Bethlehem Road near Knightdale,RIVER/STREAM,last bridge before Neuse,yes,12/1/1994 5:00,,No,Wake,RRO,3020201,NEU02,35.7309,-78.4776
292,LNBA,J4110000,,Marks Ck at SR 1714 (Pritchard Rd) nr Wilson,RIVER/STREAM,City of Raleigh Sampling & Monitoring Program,no,7/31/2012 3:59,,No,Johnston,RRO,3020201,,35.7062,-78.4312
293,LNBA,J4130000,LNBA_49,Neuse River at SR 1700 Covered Bridge Road near Archers Lodge,RIVER/STREAM,"about 6.5 mi dns Neuse River WWTP, ups Little Creek (Clayton) WWTP",yes,12/1/1994 5:00,,No,Johnston,RRO,3020201,NEU02,35.6749,-78.4364
294,LNBA,J4170000,LNBA_9,Neuse River at NC 42 near Clayton,RIVER/STREAM,"dns Little Creek (Clayton) WWTP, DWQ benthic station, USGS gage",yes,12/1/1994 5:00,,yes,Johnston,RRO,3020201,NEU02,35.6473,-78.4056
295,LNBA,J4190000,LNBA_10,Neuse River at SR 1908 Fire Department Drive near Wilsons Mills,RIVER/STREAM,ups Johnston Cty WTP,no,12/1/1994 5:00,8/1/2014 3:59,No,Johnston,RRO,3020201,NEU02,35.6067,-78.3374
296,LNBA,J4370000,,Neuse Riv at US 70 Bus at Smithfield,RIVER/STREAM,"dns Johnston County WTP, DWR AMS Station",yes,8/1/2014 3:59,,Yes,Johnston,RRO,3020201,,35.5128,-78.3498
297,LNBA,J4414000,LNBA_11,Swift Creek at SR 1152 Holly Springs Road near Macedonia,RIVER/STREAM,"303d, ups Lake Wheeler, DWQ benthic and fish station, USGS gage",yes,12/1/1994 5:00,,No,Wake,RRO,3020201,NEU02,35.7187,-78.7527
298,LNBA,J4500000,,Swift Ck at Indian Creek discharge nr Garner,RIVER/STREAM,City of Raleigh Sampling & Monitoring Program,yes,7/31/2012 3:59,,No,Wake,RRO,3020201,,35.6476,-78.6041
299,LNBA,J4510000,,Swift Ck at NC 42 nr Clayton,RIVER/STREAM,City of Raleigh Sampling & Monitoring Program,no,7/31/2012 3:59,8/1/2014 3:59,No,Johnston,RRO,3020201,,35.6131,-78.5486
300,LNBA,J4510500,,Swift Creek at SR 1525 (Cornwallis Road) nr Clayton,RIVER/STREAM,City ofRaleigh Sampling & Monitoring Program,yes,8/1/2014 3:59,,No,Johnston,RRO,3020201,,35.5999,-78.5356
301,LNBA,J4511000,,White Oake Ck at NC 42 nr Clayton,RIVER/STREAM,City of Raleigh Sampling & Monitoring Program,yes,7/31/2012 3:59,,No,Johnston,RRO,3020201,,35.6176,-78.5281
302,LNBA,J4520000,,Swift Ck at SR 1562 (Steel Bridge Rd) nr Smithfield,RIVER/STREAM,City of Raleigh Sampling & Monitoring Program,yes,7/31/2012 3:59,,No,Johnston,RRO,3020201,,35.5515,-78.46
303,LNBA,J4580000,,Swift Crk at SR 1501 (Swift Creek Rd) nr Smithfield,RIVER/STREAM,Replaced J4590000 4/1/12.  Extensive guardrail system created unsafe traffic pattern,yes,4/1/2012 3:59,,No,Johnston,RRO,3020201,NEU02,35.5442,-78.397
304,LNBA,J4590000,LNBA_12,Swift Creek at NC 210 near Smithfield,RIVER/STREAM,,no,12/1/1994 5:00,4/1/2012 3:59,No,Johnston,RRO,3020201,NEU03,35.5186,-78.3819
305,LNBA,J4610000,,Middle Creek above discharge near Apex,RIVER/STREAM,,no,12/1/1994 5:00,12/1/1994 5:00,No,Wake,RRO,3020201,NEU03,35.72,-78.83
306,LNBA,J4619000,LNBA_47,UT Middle Creek at Lufkin Road at Apex,RIVER/STREAM,upstream of Apex WWTP; replacing station J4620000,no,2/1/2007 5:00,8/1/2014 3:59,No,Wake,RRO,3020201,NEU03,35.71311,-78.83807
307,LNBA,J4620000,LNBA_FORMER_47,UT Middle Creek at Pristine Water Road near Apex,RIVER/STREAM,"ups Apex WWTP, 500 ft from NC 55",no,12/1/1994 5:00,1/31/2007 5:00,No,Wake,RRO,3020201,NEU03,35.71058,-78.83592
308,LNBA,J4690000,LNBA_48,Middle Creek at SR 1152 Holly Springs Road near Holly Springs,RIVER/STREAM,"ups Cary South WWTP, dns Apex WWTP",yes,2/1/1996 5:00,,No,Wake,RRO,3020201,NEU03,35.6609,-78.8042
309,LNBA,J4868000,LNBA_13,Middle Creek at SR 1375 Lake Wheeler Road near Banks,RIVER/STREAM,"dns Cary South WWTP, ups Terrible Creek which receives Fuquay-Varina's Terrible Ck. WWTP discharge",yes,7/1/2005 3:59,,No,Wake,RRO,3020201,NEU03,35.6356,-78.7279
310,LNBA,J4870000,LNBA_,Middle Creek at US 401 near Banks,RIVER/STREAM,,no,12/1/1994 5:00,7/1/2005 3:59,No,Wake,RRO,3020201,NEU03,35.63,-78.72
311,LNBA,J4980000,LNBA_14,Middle Creek at SR 1006 Old Stage Road near Willow Springs,RIVER/STREAM,dns of Terrible Creek and Terrible Ck WWTP,yes,12/1/1994 5:00,,No,Wake,RRO,3020201,NEU03,35.6091,-78.6866
312,LNBA,J5002000,,Middle Ck off SR 1517 (Old Sanders Hse) nr Edmonson,RIVER/STREAM,City of Raleigh Sampling & Monitoring Program,yes,7/31/2012 3:59,,No,Johnston,RRO,3020201,,35.5626,-78.5756
313,LNBA,J5010000,LNBA_15,Middle Creek at NC 210 near Smithfield,RIVER/STREAM,just upstream of Neuse River,yes,12/1/1994 5:00,,No,Johnston,RRO,3020201,NEU03,35.5075,-78.4013
314,LNBA,J5030000,LNBA_,Middle Creek at mouth near Smithfield,RIVER/STREAM,,no,,,No,Johnston,RRO,3020201,NEU03,35.51,-78.38
315,LNBA,J5170000,LNBA_16,Black Creek at SR 1162 Black Creek Road near Four Oaks,RIVER/STREAM,"ups Holts Lake, ups Neuse River, USGS gage",yes,12/1/2004 5:00,,No,Johnston,RRO,3020201,NEU04,35.46925,-78.45681
316,LNBA,J5185000,LNBA_,Black Creek at I 95 near Smithfield,RIVER/STREAM,,no,12/1/1994 5:00,11/30/2004 5:00,No,Johnston,RRO,3020201,NEU03,35.47,-78.31
317,LNBA,J5190000,LNBA_,Black Creek at mouth near Smithfield,RIVER/STREAM,,no,,,No,Johnston,RRO,3020201,NEU03,35.47,-78.37
318,LNBA,J5250000,LNBA_17,Neuse River at SR 1201 Richardson Bridge Road near Cox Mill,RIVER/STREAM,"dns for Johnston Cty WWTP, ups for Progress Energy and Goldsboro WWTP, DWQ benthic station",yes,12/1/1994 5:00,,No,Johnston,RRO,3020201,NEU02,35.3741,-78.1962
319,LNBA,J5390000,LNBA_51,Hannah Creek at SR 1158 Allens Crossroads Drive near Benson,RIVER/STREAM,ups Benson WWTP,yes,2/1/2004 5:00,,No,Johnston,RRO,3020201,NEU04,35.38677,-78.51096
320,LNBA,J5390800,LNBA_18,Hannah Creek at SR 1227 Ivey Road near Benson,RIVER/STREAM,dns Benson WWTP,yes,2/1/2004 5:00,,No,Johnston,RRO,3020201,NEU04,35.40245,-78.4952
321,LNBA,J5400000,LNBA_,Hannah Creek at I 95 near Benson,RIVER/STREAM,,no,12/1/1994 5:00,2/1/2004 5:00,No,Johnston,RRO,3020201,NEU04,35.41,-78.48
322,LNBA,J5410000,,Mill Creek at SR 1200 near Cox Mill,RIVER/STREAM,dns concentrated agricultural area,yes,6/1/2009 3:59,,No,Johnston,RRO,3020201,NEU04,35.34195,-78.21623
323,LNBA,J5420000,,Mill Crk at SR 1200 Williford Rd nr Cox Mill,RIVER/STREAM,Temporary station to replace J5410000 during bridge construction,yes,10/1/2017 3:59,,,Johnston,RRO,30220201,NEU04,35.345,-78.184
324,LNBA,J5500000,,Falling Creek at SR 1219 Old Grantham Road near Grantham,RIVER/STREAM,dns concentrated agricultural area,yes,8/1/2009 3:59,,No,Wayne,WaRO,3020201,NEU12,35.32239,-78.12815
325,LNBA,J5610000,,Little River at NC 401 Harris Crossroads,RIVER/STREAM,,no,12/1/1994 5:00,12/31/1994 5:00,Yes,Franklin,RRO,3020201,NEU06,35.96,-78.408
326,LNBA,J5620000,LNBA_19,Little River at SR 2333 Smithfield Road near Zebulon,RIVER/STREAM,possible future site of E. Wake reservoir (City of Raleigh drinking water),yes,12/1/1994 5:00,,No,Wake,RRO,3020201,NEU06,35.8577,-78.3665
327,LNBA,J5630000,LNBA_,Little River at SR 2320 Riley Hill Road near Zebulon,RIVER/STREAM,,no,1/1/2003 5:00,2/1/2004 5:00,No,Wake,RRO,3020201,NEU06,35.84,-78.36
328,LNBA,J5685000,,Little River at Weaver Rd nr Bagley,RIVER/STREAM,ups Kenly Regional WWTP,yes,8/1/2014 3:59,,No,Johnston,RRO,3020201,,35.5791,-78.1723
329,LNBA,J5690000,LNBA_20,Little River at US 301 near Kenly,RIVER/STREAM,"Endangered species, ups Kenly",no,12/1/1994 5:00,8/1/2014 3:59,No,Johnston,RRO,3020201,NEU06,35.5829,-78.1593
330,LNBA,J5730000,LNBA_FORMER_21,Little River at I 95 near Lowell Mill,RIVER/STREAM,,no,12/1/1994 5:00,1/1/2003 5:00,No,Johnston,RRO,3020201,NEU06,35.5699,-78.1625
331,LNBA,J5730300,LNBA_,Little River near SR 2339 at Lowell Mill,RIVER/STREAM,,no,1/1/2003 5:00,2/1/2004 5:00,No,Johnston,RRO,3020201,NEU06,35.5678,-78.16252
332,LNBA,J5750000,LNBA_21,Little River at SR 2339 Bagley Road near Lowell Mill,RIVER/STREAM,dns Kenly,yes,2/1/2004 5:00,,No,Johnston,RRO,3020201,NEU06,35.56128,-78.15935
333,LNBA,J5790000,,Buffalo Ck at SR 2358 (Lake Glad Rd) at Wendell,RIVER/STREAM,City of Raleigh Sampling & Monitoring Program,yes,7/31/2012 3:59,,No,Wake,RRO,3020201,,35.7697,-78.3769
334,LNBA,J5900000,LNBA_22,Little River at SR 1234 Capps Bridge Road near Crossroads,RIVER/STREAM,,no,12/1/1994 5:00,8/1/2014 3:59,No,Wayne,WARO,3020201,NEU06,35.4662,-78.0942
335,LNBA,J5930000,LNBA_23,Little River at NC 581 nr Cherry Hospital,RIVER/STREAM,DWQ benthic station,yes,12/1/1994 5:00,,No,Wayne,WARO,3020201,NEU06,35.393,-78.0258
336,LNBA,J5950000,,Little River at mouth near Asylum,RIVER/STREAM,,no,,,No,Wayne,WARO,3020201,NEU06,35.38,-78.03
337,LNBA,J6010950,LNBA_25,Walnut Creek at SR 1730 Saint Johns Church Road near Walnut Creek,RIVER/STREAM,significant tributary,yes,12/1/1994 5:00,,No,Wayne,WARO,3020202,NEU05,35.2817,-77.8686
338,LNBA,J6024000,LNBA_27,Neuse River at SR 1731 near Seven Springs,RIVER/STREAM,"about 20mi dns Goldsboro, and ups of modeled DO sag",yes,12/1/1994 5:00,,No,Wayne,WARO,3020202,NEU05,35.229,-77.846
339,LNBA,J6044400,,Bear Crk at SR 1603 (Washington St) nr LaGrange,RIVER/STREAM,Ups concentrated agricultural area,yes,8/1/2014 3:59,,No,Lenoir,,3020202,,35.3137,-77.8153
340,LNBA,J6044500,LNBA_24,Bear Creek at SR 1311 Bear Creek Road near Kinston,RIVER/STREAM,"303d, DWQ benthic and fish station",yes,12/1/1994 5:00,,No,Lenoir,WARO,3020202,NEU05,35.2489,-77.7843
341,LNBA,J6055000,LNBA_26,Mosley Creek at SR 1327 Willey Measley Road near LaGrange,RIVER/STREAM,dns LaGrange WWTP,yes,12/1/1994 5:00,,No,Lenoir,WARO,3020202,NEU05,35.3119,-77.7313
342,LNBA,J6150000,LNBA_28,Neuse River at NC 11 at Kinston,RIVER/STREAM,"DWQ ambient station, ups Kinston WWTPs, USGS gage",yes,12/1/1994 5:00,,Yes,Lenoir,WARO,3020202,NEU05,35.2587,-77.5835
343,LNBA,J6250000,LNBA_29,Neuse River at NC 55 near Graingers,RIVER/STREAM,"dns both Kinston WWTPs, ups DuPont",yes,12/1/1994 5:00,,No,Lenoir,WARO,3020202,NEU05,35.2957,-77.4962
344,LNBA,J6340000,LNBA_30,Neuse River near SR 1802 near Braxton Road near Tick Bite,RIVER/STREAM,"dns DuPont, ups Contentnea Creek",no,1/1/2003 5:00,1/31/2009 5:00,No,Lenoir,WARO,3020202,NEU05,35.33527,-77.45702
345,LNBA,J6370000,LNBA_FORMER_30,Neuse River near SR 1803 near Tick Bite,RIVER/STREAM,,no,12/1/1994 5:00,1/1/2003 5:00,No,Lenoir,WARO,3020202,NEU05,35.3366,-77.4176
346,LNBA,J6410000,LNBA_43,Little Creek at NC 97 at Zebulon,RIVER/STREAM,"ups Little Creek (Raleigh) WWTP, 303d",yes,12/1/1994 5:00,,No,Wake,RRO,3020203,NEU07,35.82786,-78.30247
347,LNBA,J6450000,LNBA_44,Little Creek at NC 39 at Zebulon,RIVER/STREAM,"dns Little Creek (Raleigh) WWTP, 303d",yes,12/1/1994 5:00,,No,Wake,RRO,3020203,NEU07,35.8125,-78.2681
348,LNBA,J6500000,LNBA_31,Moccasin Creek at SR 1131 Antioch Church Road near Conner,RIVER/STREAM,,yes,12/1/1994 5:00,,No,Wilson,RRO,3020203,NEU07,35.7301,-78.1895
349,LNBA,J6680000,LNBA_50,Turkey Creek at SR 1101 Claude Lewis Road near Middlesex,RIVER/STREAM,load to Buckhorn Reservoir,yes,2/12/1999 5:00,,No,Nash,RRO,3020203,NEU07,35.7519,-78.1597
350,LNBA,J6700000,LNBA_32,Turkey Creek at SR 1128 Bunn Road near Conner,RIVER/STREAM,,no,12/1/1994 5:00,2/12/1999 5:00,No,Wilson,RRO,3020203,NEU07,35.73,-78.17
351,LNBA,J6764000,LNBA_33,Contentnea Creek at US 301 Ward Blvd near Dixie,RIVER/STREAM,"ups Wilson WWTP, dns Wiggins Mill Reservoir",no,12/1/1994 5:00,8/1/2014 3:59,No,Wilson,RRO,3020203,NEU07,35.6879,-77.9477
352,LNBA,J6765000,,Contentnea Crk at Willow Springs Dr nr Dixie,RIVER/STREAM,"ups Wilson WWTP, dns Wiggins Mill Reservoir",yes,8/1/2014 3:59,,No,Wilson,,3020203,,35.6838,-77.941
353,LNBA,J6890000,LNBA_34,Contentnea Creek at SR 1622 Evansdale Road near Wilson,RIVER/STREAM,dns Wilson WWTP,yes,12/1/1994 5:00,,No,Wilson,RRO,3020203,NEU07,35.6429,-77.8902
354,LNBA,J7210000,LNBA_35,Contentnea Creek at NC 58 near Stantonsburg,RIVER/STREAM,DWQ benthic station,yes,12/1/1994 5:00,,No,Wilson,RRO,3020203,NEU07,35.5861,-77.8111
355,LNBA,J7240000,LNBA_36,Toisnot Swamp at SR 1539 Sand Pit Road near Stantonsburg,RIVER/STREAM,major trib to Contentnea Creek,yes,12/1/1994 5:00,,No,Wilson,RRO,3020203,NEU07,35.5976,-77.7947
356,LNBA,J7325000,LNBA_37,Nahunta Swamp at NC 58 near Contentnea,RIVER/STREAM,"303d, major trib to Contentnea Creek",yes,12/1/1994 5:00,,No,Greene,WARO,3020203,NEU07,35.5081,-77.7455
357,LNBA,J7330000,LNBA_38,Contentnea Creek at US 13 at Snow Hill,RIVER/STREAM,,yes,12/1/1994 5:00,,No,Greene,WARO,3020203,NEU07,35.4585,-77.6753
358,LNBA,J7690000,LNBA_39,Little Contentnea Creek at SR 1218 Chinquapin Road near Farmville,RIVER/STREAM,"303d, ups Farmville WWTP",yes,12/1/1994 5:00,,No,Pitt,WARO,3020203,NEU07,35.5881,-77.5416
359,LNBA,J7740000,LNBA_40,Little Contentnea Creek at SR 1110 Highway 903 at Scuffleton,RIVER/STREAM,"303d, ups of Contentnea Ck, discontinued USGS gage",yes,12/1/1994 5:00,,No,Pitt,WARO,3020203,NEU07,35.4567,-77.4854
360,LNBA,J7850000,LNBA_41,Neuse River at SR 1470 Maple Cypress Road near Fort Barnwell,RIVER/STREAM,"dns Contentnea Creek and Contentnea Creek WWTP, ups New Bern WWTP, USGS gage, DWQ ambient station; ambient station sampled at boat dock; coalition station samples from bridge",yes,12/1/1994 5:00,,Yes,Craven,WARO,3020202,NEU08,35.31389,-77.30302
361,LNBA,J8870000,LNBA_42,Trent River at E Front St at New Bern,ESTUARY,confluence of Neuse and Trent Rivers,yes,12/1/1994 5:00,,No,Craven,WARO,3020204,NEU10,35.10159,-77.03708
362,LNBA,J9330000,LNBA_45,Slocum Creek at Slocum Road at Cherry Point,ESTUARY,dns Havelock and Cherry Pt. WWTPs,no,12/1/1994 5:00,8/1/2014 3:59,No,Craven,WARO,3020204,NEU10,34.9177,-76.9115
363,LNBA,J9770000,LNBA_46,Smith Creek at Blackwell Point at Oriental,ESTUARY,,no,12/1/1994 5:00,10/1/1998 3:59,No,Pamlico,WARO,3020204,NEU10,35.03,-76.7
364,NRBC,K2100000,,S Fork New River at US 221 and 421 at Perkensville,RIVER/STREAM,Overlapping AMS stn dns Boone WWTP,yes,8/1/2011 3:59,,Yes,Watauga,WSRO,5050001,,36.2208,-81.6397
365,NRBC,K2980000,,S Fork New River at NC 163 near Obids,RIVER/STREAM,Drainage for Pine Swamp and Beaver Ck watersheds; Dns GE Aviation,no,8/1/2011 3:59,9/1/2011 3:59,No,Ashe,WSRO,5050001,,36.3172,-81.4049
366,NRBC,K3000000,,S Fork New River at SR 1159 (Boggs Rd) near Glendale Springs,RIVER/STREAM,Drainage for Pine Swamp and Beaver Ck watersheds; Dns GE Aviation,yes,9/1/2011 3:59,,No,Ashe,WSRO,5050001,,36.3469,-81.4044
367,NRBC,K6400000,,Buffalo Ck at BC Hunter Rd near Warrensville,RIVER/STREAM,Dns W. Jefferson WWTP; Heavy Ag area,yes,8/1/2011 3:59,,No,Ashe,WSRO,5050001,,36.4437,-81.5193
368,NRBC,K7010000,,N Fork New River at SR 1514 (Deep Ford Rd) near Bina,RIVER/STREAM,Dns United Chemi-Con & Lansing WWTPs,yes,8/1/2011 3:59,,No,Ashe,WSRO,5050001,,36.4803,-81.4771
369,TPBA,O0057000,TPBA_01,Tar River at US 158 near Berea,RIVER/STREAM,"Tar headwaters, DWQ benthic and fish station, rare and threatened species area.  Excellent fish community",yes,3/1/2007 5:00,,No,Granville,RRO,3020101,TAR01,36.33412,-78.76803
370,TPBA,O0310000,TPBA_02,Foundry Branch at SR 1649 (New Commerce Dr) at Oxford,RIVER/STREAM,"ups of Oxford WWTP, Benthic Stn (fair), biological impairment 303d list 1998",no,3/1/2007 5:00,1/31/2010 5:00,No,Granville,RRO,3020101,TAR01,36.2921,-78.58294
371,TPBA,O0320000,,Fishing Crk ups SR 1607 (Knotts Grove Rd) near Oxford,RIVER/STREAM,ups of Oxford WWTP,yes,2/1/2010 5:00,,No,Granville,RRO,3020101,TAR01,36.27703,-78.59113
372,TPBA,O1025000,TPBA_03,Tar River at SR 1003 (Sims Bridge Road) near Louisburg,RIVER/STREAM,"Ups Louisburg WWTP, USGS gage, Benthic Stn (GF-G)",yes,3/1/2007 5:00,,No,Franklin,RRO,3020101,TAR01,36.14222,-78.37218
373,TPBA,O1030000,TPBA_04,Tabbs Creek at SR 1100 (Egypt Mountain Rd) near Kittrell,RIVER/STREAM,"Tabbs Creek near mouth, Loading information for Nutrient Transport Model, Fish Stn (Good, but declining), 5 rare mollusks",yes,3/1/2007 5:00,,No,Vance,RRO,3020101,TAR01,36.18229,-78.45562
374,TPBA,O1600000,TPBA_05,Cedar Creek at SR 1116 (Cedar Creek Rd) near Franklinton,RIVER/STREAM,"ups Franklin County WWTP, federally listed Dwarf Wedgemussel",yes,3/1/2007 5:00,,No,Franklin,RRO,3020101,TAR01,36.06615,-78.4313
375,TPBA,O1920000,TPBA_06,Cedar Creek at SR 1109 (Timberlake Rd) near Louisburg,RIVER/STREAM,"dns Franklin County WWTP, federally listed Dwarf Wedgemussel",yes,3/1/2007 5:00,,No,Franklin,RRO,3020101,TAR01,36.06024,-78.35373
