Responsible Company,Latitude,Longitude,State,Water Reached?,Total
111 AIR NATIONAL GUARD,40.21136523,-75.14237098, PA,Yes,0
111TH AIR NATIONAL GUARD,40.16963216,-75.12839611, PA,Yes,0
186 AIR REFUELING WING,32.34431197,-88.74190826, MS,No,0
187TH FIGHTER WING AIR NATIONAL GUARD,32.30603386,-86.40198733, AL,Yes,0
3M,37.832805,-94.332204, MO,Yes,0
3M,41.753907,-90.288882, IL,Yes,0
3M,44.950176,-93.0048795, MN,Yes,0
3M,44.96484549,-93.062835, MN,Yes,0
3M COMPANY,44.8443101,-92.94922, MN,Yes,0
3-M COMPANY,37.88818331,-94.34349777, MO,Yes,0
62ND AIR LIFT,47.25513,-122.44164, WA,Yes,0
911 AIRFORCE WING,40.49286831,-80.20967052, PA,Yes,0
914 AIRLIFT WING,43.096,-79.05551, NY,Yes,0
ACE FIRE EXTINQUISHER SERVICE,38.978514,-76.9232565, MD,Yes,0
AEROCORP,30.1778,-82.57182, FL,Yes,0
AGUSTA AIR AND SPACE CORP,40.08397411,-75.0020792, PA,Yes,0
AIR NATIONAL GUARD,32.22177,-110.96977, AZ,Yes,0
AIRFORCE RESERVES,25.497448,-80.4070281, FL,Yes,0
ALASKA MARINE LINES,47.57044842,-122.3418374, WA,Yes,0
ALCOA CORP,39.854664,-84.9094605, IN,Yes,0
ALCOA MILL PRODUCTS,40.07411791,-76.33628318, PA,No,0
ALCOLA INC.,40.07411791,-76.33628318, PA,Yes,0
ALLIED AVAITION,38.54443942,-121.5501719, CA,Yes,0
ALYESKA PIPELINE,61.08527778,-146.3911111, AK,Yes,0
ALYESKA PIPELINE,61.08609753,-146.2848056, AK,No,0
ALYESKA PIPELINE,61.13038,-146.3541, AK,No,0
ALYESKA PIPELINE,61.13038,-146.3541,,Yes,0
ALYESKA PIPELINE,61.21753,-149.85825, AK,Yes,0
ALYESKA PIPELINE,64.83704588,-147.7882521, AK,Yes,0
ALYESKA PIPELINE,64.84525,-147.7221, AK,Yes,0
ALYESKA PIPELINE,70.20239,-148.46405, AK,Yes,0
ALYESKA PIPELINE,(blank),(blank), AK,Yes,0
ALYESKA PIPELINE SER CO,61.13038,-146.3541, AK,Yes,0
ALYESKA PIPELINE SERVICE,61.08609753,-146.2848056, AK,No,0
ALYESKA PIPELINE SERVICE,61.13038,-146.3541, AK,No,0
ALYESKA PIPELINE SERVICE,61.13038,-146.3541,,Yes,0
ALYESKA PIPELINE SERVICE,64.84525,-147.7221, AK,No,0
ALYESKA PIPELINE SERVICE CO.,61.09222222,-146.4, AK,Yes,0
ALYESKA PIPELINE SERVICE COMPANY,61.08609753,-146.2848056, AK,Yes,0
ALYESKA PIPELINE SERVICES,61.13038,-146.3541, AK,Yes,0
AMERADA HESS CORP,42.611139,-73.751823, NY,Yes,0
AMERICAN AIRLINES,32.90570803,-97.06493591, TX,Yes,0
AMERICAN AIRLINES,33.00637599,-97.31339402, TX,Yes,0
AMERICAN AIRLINES,36.20485139,-95.86888101, OK,Yes,0
AMERICAN AIRLINES,39.880278,-75.2302935, PA,Unknown,0
AMERICAN AIRLINES,40.65323785,-73.81198707, NY,Yes,0
AMERICAN AIRLINES,40.70179,-73.80853, NY,Yes,0
AMERICAN AIRLINES,(blank),(blank), NY,Yes,0
ANADARKO,26.13222222,-92.04027778, LA,Yes,0
ANDERSON CORP.,45.024426,-92.777553, MN,Yes,0
ANSUL CHEMICAL CO,45.10522602,-87.638375, WI,Yes,0
ARCO CHERRY POINT REFINERY,48.888819,-122.73498, WA,Yes,0
ARCO PRODUCTS CO,38.56821729,-121.5234537, CA,Yes,0
ARROW MATERIAL SERVICES,39.28057895,-81.63218812, OH,Unknown,0
ASH GROVE CEMENT COMPANY,33.694119,-94.424481, AR,No,0
ASHLAND CHEMICAL INC.,39.921735,-75.16244, PA,Yes,0
ASSOCIATED CARTING,41.22836147,-73.16015362, CT,Yes,0
ATLANTIC SHELLFISH,41.634009,-70.906716, MA,Yes,0
ATOFINA PETRO CHEMICAL,30.21885257,-91.06522225, LA,Yes,0
AUSTAL USA,30.35777778,-88.03388889, AL,Yes,0
AUSTAL USA,30.68451229,-88.0314413, AL,Yes,0
AUSTAL USA,30.69111111,-88.03388889, AL,Yes,0
AVALON VOL FIRE DEPT,40.50342225,-80.06568524, PA,Yes,0
AVONDALE INDUSTRIES,29.91259,-90.20401, LA,Yes,0
AVONDALE INDUSTRIES,29.91931834,-90.19078117, LA,Yes,0
AVONDALE INDUSTRIES INC.,29.91931834,-90.19078117, LA,Yes,0
BANGOR INTERNATIONAL AIRPORT,44.805795,-68.773135, ME,Yes,0
BARB AND ED TRUCKING,38.93681,-77.18493, VA,Yes,0
BAY GULF TRANDING CO,36.83780287,-76.28102184, VA,Yes,0
BEALE AFB,39.09432,-121.33729, CA,No,0
BEALE AFB,39.102685,-121.33611, CA,Unknown,0
BEALE AIR FORCE BASE,39.12506294,-121.3855865, CA,Yes,0
BERKLEY SPRINGS VOLUNTEER FD,39.54627917,-78.17277296, WV,Yes,0
BILL AND HILARY CLINTON AIROPORT,34.7487,-92.27485, AR,Yes,0
BOAT OWNER,28.83124903,-82.66613844, FL,Yes,0
BOEING CO,47.541924,-122.3161605, WA,Yes,0
BOEING COMPANY,47.89571908,-122.2787437, WA,Yes,0
BP CHERRY POINT,48.888819,-122.73498, WA,Yes,0
BP EXPLORATION,29.72895162,-90.5977526, LA,Yes,0
BP EXPLORATION (ALASKA),70.20239,-148.46405, AK,No,0
BUREAU OF RECLAMATION GRAND COOLEY DAM,47.49926,-122.46236, WA,Yes,0
C.R. ENGLAND,40.97409,-111.4417, UT,Unknown,0
CAFELLA WASTE SERVICE,42.975396,-73.84644, NY,Yes,0
CALIFORNIA AIR NATIONAL GUARD,35.01149,-116.52284, CA,Yes,0
CAMP PENDLETON AIR STATION,33.31071695,-117.3365252, CA,Yes,0
CARGILL INC.,34.3247414,-86.33538, AL,Yes,0
CARGILL INC.,34.34668537,-86.28821024, AL,Yes,0
CARPETING FOR KIDS,33.03988394,-84.91383528, GA,Yes,0
CARRIBEAN REFRESCOS INC,18.1816188,-66.15692651, PR,Yes,0
CD TRUCKING INC.,29.6670918,-95.56062488, TX,Unknown,0
CD TRUCKING INC.,29.6670918,-95.56062488,,Yes,0
CENTERPOINT ENERGY,29.81943107,-95.56998604, TX,No,0
CHEMOURS,34.836678,-78.837885,NC,No,0
CHEMOURSE,34.836678,-78.837885,NC,No,0
CHEVRON,27.81277778,-90.51888889, LA,Yes,0
CHEVRON / TEXACO,34.1794055,-118.468143, CA,No,0
CHEVRON CORP.,27.81277778,-90.51888889, LA,Yes,0
CIRCLE B GRADING AND HAULING,33.71967438,-112.3253735, AZ,Yes,0
CITGO,27.932787,-82.445508, FL,Yes,0
CITY OF OCEAN SIDE,33.20401484,-117.3904311, CA,Yes,0
CITY OF PEMBROOK,32.134623,-81.619632, GA,No,0
CITY OF PEMBROOK,32.134623,-81.619632,,Yes,0
CITY OF PHOENIX,33.434805,-112.05867, AZ,Yes,0
CITY OF PHOENIX,33.43515847,-112.0073805, AZ,Yes,0
CITY OF SANTA BARBARA FIRE STATION #2,34.41194341,-119.6961525, CA,Yes,0
CLOROX COMPANY,33.62738045,-84.3912045, GA,No,0
CLOROX SERVICES,39.481254,-76.19211, MD,Yes,0
COBB COUNTY FIRE DEPT. HAZMAT TEAM,34.0741448,-84.55775111, GA,Yes,0
CON EDISON,40.7601392,-73.96226383, NY,Yes,0
CON EDISON,40.93747516,-73.86016401, NY,Yes,0
CONOCO PHILLIPS,39.82640808,-75.40504247, PA,Yes,0
CONSOLIDATED EDISON COMPANY OF NEW YORK,40.76610985,-73.97720681, NY,Yes,0
CONSOLIDATED EDISON COMPANY OF NEW YORK,40.772421,-73.993356, NY,Yes,0
CONSOLIDATED EDISON COMPANY OF NEW YORK,41.12496,-74.16934, NY,Yes,0
CONSOLIDATED EDISON COMPANY OF NEW YORK,41.128218,-74.162988, NY,Yes,0
CONSOLIDATED EDISON COMPANY OF NEW YORK,41.12827729,-74.16309076, NY,Yes,0
CONTINENTAL CEMENT CO.,39.67758,-91.315674, MO,No,0
CONTINENTAL MARITIME,32.71568,-117.16171, CA,Yes,0
COVINGTON FLOORING CO.,33.40203,-86.95399, AL,No,0
CRESTONE PEAK RESOURCES,39.66725136,-104.622239, CO,No,0
CRESTONE PEAK RESOURCES,39.74003549,-104.6031157, CO,No,0
CROWLEY,61.08609753,-146.2848056, AK,No,0
CROWLEY MARINE SERVICES,61.13038,-146.3541, AK,Yes,0
CSX RAILROAD,41.0445132,-77.3097705, PA,No,0
CSX TRANSPORTATION,36.130437,-88.518159, TN,Yes,0
CT LIGHT AND POWER,41.33780751,-72.10385424, CT,No,0
CWM RESOURCE MANAGEMENT,33.60860886,-84.32118435, GA,Yes,0
DALLAS FIRE DEPARTMENT,32.785794,-96.735141, TX,Yes,0
DALLAS FIRE DEPT,32.7803593,-96.76896093, TX,Yes,0
DALLAS FIRE DEPT,32.79078,-96.7699305, TX,Yes,0
DALTON UTILITIES,34.63923933,-84.90100441, GA,Yes,0
DAVIS-MONTHAN AFB,32.17729964,-110.8779869, AZ,Yes,0
DE. DEPT. OF NATURAL RESOURCES. (DNREC),38.66247411,-75.17040936, DE,Yes,0
DELTA AIRLINES,32.88503928,-97.02225259, TX,Yes,0
DELTA AIRLINES,32.92885,-97.04904, TX,Yes,0
DELTA AIRLINES,33.94098043,-118.4291699, CA,Yes,0
DELTA AIRLINES,39.05920467,-84.65402486, KY,Yes,0
DELTA AIRLINES,40.68988577,-111.823336, UT,Yes,0
DELTA AIRLINES,40.76031,-111.88822, UT,Yes,0
DELTA AIRLINES,44.870922,-93.2325435, MN,Yes,0
DELTA AIRLINES INC,32.88503928,-97.02225259, TX,Yes,0
DENVER FIRE DEPARTMENT STATION NUMBER 16,39.687336,-104.9757965, CO,Yes,0
DEPT OF AVIATION CITY OF ATLANTA,33.65496031,-84.4134315, GA,Yes,0
DIAMOND SHAMROCK REFINING,36.1398105,-101.826792, TX,Yes,0
DIRECTORITE OF PUB WORKS ENV FT. BELVOIR,38.7116374,-77.18160266, VA,Yes,0
DOW CHEMICAL INC,30.32297356,-91.25269208, LA,Yes,0
DUPONT,35.0279605,-78.80114181,NC,Yes,0
DUPONT,39.68436656,-75.48994947, NJ,No,0
DUPONT COMPANY,39.235815,-81.675265, WV,Yes,0
DUPOT DOW ELASTOMERF,39.68436656,-75.48994947, NJ,No,0
EASTERN SHORE RR,37.87751,-75.58979, VA,Yes,0
EGLIN AIR FORCE BASE,30.449,-86.61668, FL,No,0
EGLIN AIR FORCE BASE,30.47360877,-86.4903009, FL,Yes,0
EIELSON AFB,64.66444,-147.09944, AK,No,0
EIELSON AFB,64.74946,-147.3533, AK,Yes,0
EIELSON AFB,64.856736,-147.7658451, AK,Yes,0
EIELSON AIR FORCE BASE,64.66722222,-147.0913889, AK,No,0
EIELSON AIR FORCE BASE,64.69022,-147.12452, AK,Yes,0
ELMENDORF AIR FORCE BASE,61.243415,-149.814575, AK,No,0
ENTERGY,29.94752883,-90.14526616, LA,Yes,0
ENVIRONMENTAL MANAGMENT FOR WPAFB,39.81930979,-84.03777991, OH,No,0
ENVIRONMENTAL RECOVERY GP,30.39299,-81.43081, FL,Yes,0
ENVIRONMENTAL RECOVERY GR,30.37717,-81.41025, FL,Yes,0
EQUILON ENTERPRISES INC PUGET SOUND REFI,48.467799,-122.560407, WA,Yes,0
ERICKSON AIRCRANE CO,48.3883,-115.55581, MT,Yes,0
EVIATION,34.64720046,-112.4300773, AZ,No,0
EXTRACTION OIL AND GAS,40.34111111,-104.9972222, CO,No,0
EXXON BENICIA REFINERY,38.07171,-122.1392205, CA,Yes,0
EXXON MOBIL,33.73791209,-118.2719632, CA,Yes,0
EXXON MOBIL BATON ROUGE REFINERY,30.486159,-91.169694, LA,Yes,0
EXXON MOBILE,30.486159,-91.169694, LA,Yes,0
FAIRCHILD AFB,47.6443,-117.59311, WA,Yes,0
FEDERAL EXPRESS,33.943545,-118.423845, CA,Yes,0
FEDERAL EXPRESS,33.95321,-84.54649, GA,No,0
FEDERAL EXPRESS,35.04100841,-89.96861314, TN,Yes,0
FEDERAL MARINE,47.58894251,-122.3381377, WA,Yes,0
FEDEX,36.12035581,-79.92469676,NC,No,0
FIRE STATION # 19,33.44825,-112.0758, AZ,Yes,0
FIRE STATION 97,38.565891,-121.3012665, CA,No,0
FLEXFOAM PRODUCTS,32.71723084,-96.27469556, TX,Yes,0
FORT LANGLEY/EUSTIS,37.07989,-76.34684, VA,Yes,0
FRANCIS S. GABRESKI ANGB,40.815155,-72.644145, NY,Unknown,0
G.O.D INC.,41.27228,-72.94998, CT,Yes,0
GAC ACENCY HOUSTON,29.35,-94.73833333, TX,Yes,0
GALVAN'S TIRE SERVICE,29.71001747,-95.31422499, TX,No,0
GALVAN'S TIRE SERVICE,29.71001747,-95.31422499,,Yes,0
GATX TERMINAL,39.846204,-75.2450715, NJ,Yes,0
GE JOHNSON CONSTRUCTION,39.71791454,-105.1292205, CO,Unknown,0
GEORGIA POWER,33.81977226,-84.48290365, GA,Yes,0
GLOBAL COMPANIES  LLC,43.63436378,-70.28316488, ME,Yes,0
GOMEX ENERGY OFFSHORE,28.41083333,-92.61555556, LA,Yes,0
GREAT LAKE DRUDGING AND DOCK,(blank),(blank),NC,No,0
GREEN LEAF BIOFUELS,41.290047,-72.905544, CT,Yes,0
GRIFFISS AIR FORCE BASE,43.23396,-75.40656, NY,Yes,0
GUERNSEY SCRAP METAL,39.37384,-81.39668, OH,No,0
GUERNSEY SCRAP METAL,39.37384,-81.39668,,Yes,0
GULF OIL,41.297985,-72.935705, CT,No,0
GULF OIL LP,40.60399806,-74.23547943, NJ,No,0
GULF OIL LP,40.60399806,-74.23547943,,Yes,0
GULF STREAM AERO SPACE,33.81724559,-118.1441706, CA,Yes,0
GULFSTREAM AEROSPACE,32.11968535,-81.20611636, GA,Yes,0
HAMPTON BAY FIRE DEPT,40.84148493,-72.48099877, NY,Yes,0
HANSCOM AIRFORCE BASE,42.465258,-71.2726515, MA,Yes,0
HARTFORD HOSPITAL,41.754339,-72.68071348, CT,Yes,0
HELICOPTER C-COMBAT SQUARDON 5,36.85217892,-76.28116927, VA,Yes,0
HELIX ENERGY SOLUTIONS,28.88333333,-90.1, LA,Yes,0
HENKEL CORPORATION,35.632953,-80.535834,NC,Yes,0
HENKEL EMERY GROUP,39.18035007,-84.50786347, OH,Yes,0
HERCULES INC,31.165371,-81.481005, GA,Yes,0
HERTZ CAR INFOR,39.83791255,-104.6971845, CO,Yes,0
HESS OIL CO.,39.68618003,-76.89405983, MD,Yes,0
HOUSTON FIRE DEPARTMENT HAZMAT TEAM,29.780172,-95.3898885, TX,Yes,0
HOUSTON FIRE DEPT ENGINE 15,29.76078,-95.36952, TX,Yes,0
HURLBURT FIELD,30.40424,-86.6153, FL,No,0
ILLINOIS AIR NAT'L GUARD,40.65668225,-89.70373716, IL,Yes,0
ILWUACO FIRE DEPARTMENT,46.3088,-124.03547, WA,No,0
IMTT JOLIET,41.412672,-88.2040725, IL,Yes,0
IMTT-RICHMOND-CA,37.922562,-122.369121, CA,No,0
INTERCONTINENTAL TERMINALS COMPANY,29.72705915,-95.08984434, TX,Yes,0
ITC,29.72705915,-95.08984434, TX,Yes,0
J&J ENTERPRISES,36.75531,-76.05968, VA,Yes,0
JACKSONVILLE FIRE DEPT,30.4211692,-81.63588154, FL,Yes,0
JBLM,47.097005,-122.596275, WA,Yes,0
JOINT BASE PEARL HARBOR,21.37589307,-157.9293236, HI,No,0
JW DEMOLITION,36.1445313,-81.30159397,NC,Yes,0
KANEKA TEXAS CORP,29.623239,-95.0838795, TX,Yes,0
KANSAS AIR NATIONAL GUARD,38.9420017,-95.702478, KS,Yes,0
KANTO CORP.,45.57485392,-122.6427296, OR,Yes,0
KENDA LOGISTICS,33.65652,-84.44874, GA,Yes,0
KENDER MORGAN,29.72718,-95.2326585, TX,Yes,0
KESSLER AIR FORCE BASE,30.40112269,-88.91482919, MS,Unknown,0
KINDER MORGAN,29.72209075,-95.20347331, TX,Yes,0
KINDER MORGAN,29.72718,-95.2326585, TX,Yes,0
KINDER MORGAN,45.60279594,-122.7887063, OR,Yes,0
KINDER MORGAN GALENA PARK,29.72718,-95.2326585, TX,Yes,0
KINDER MORGAN SE TERMINALS (KMST),35.95847442,-83.99667147, TN,Yes,0
KRAMERS IRON AND METAL,33.76672,-118.1924, CA,Yes,0
LA COUNTY FIRE DEPT,40.39662,-123.93813, CA,Yes,0
LAMBERT/ ST LOUIS INT. AIRPORT,38.74007341,-90.36498526, MO,Yes,0
LANGLEY AIR FORCE BASE,38.94646,-77.1591, VA,Yes,0
LGSTX SERVICES,39.43178796,-83.78805252, OH,No,0
LINCOLN FIRE DEPARTMENT,40.8689613,-96.62753068, NE,Yes,0
LOCAL FIRE DEPT ON-SCENE CONTACT,41.497533,-95.3629488, IA,Yes,0
LOCK HAVEN FIRE DEPARTMENT,41.13032458,-77.44495808, PA,No,0
LOCKHEED MARTIN,34.74438845,-82.37906823, SC,Yes,0
LONG BEACH FIRE DEPARTMENT,33.76672,-118.1924, CA,Yes,0
LONG BEACH FIRE DEPARTMENT,33.78456335,-118.1459411, CA,Yes,0
LONG BEACH FIRE DEPARTMENT,33.86741688,-118.1644695, CA,Yes,0
LOS ANGELES DEPT OF WATER AND POWER,34.05267709,-118.2640385, CA,No,0
LOS ANGELES WORLD AIRPORTS,33.94160889,-118.4243995, CA,Yes,0
LOWES HOME IMPROVEMENT,47.498049,-122.645268, WA,Unknown,0
LUKENS INC,39.981528,-75.8231595, PA,Yes,0
M/V GATSBY,41.31857761,-71.99018032, CT,Yes,0
M/V STOLT CAPABILITY,40.6964186,-74.21356826, NJ,Yes,0
MADEIRA BAY MARINA,27.78818819,-82.78589704, FL,Yes,0
MAERSKLINE LTD,39.95222,-75.16218, PA,Yes,0
MAINE AIR NATIONAL GUARD,44.80171,-68.77077, ME,Yes,0
MARIN CORP STA MIRAMAR,32.75195333,-117.2101287, CA,Yes,0
MARINETTE MARINE CORP,45.09908363,-87.62104433, WI,Yes,0
MARINETTE MARINE CORPORATION,45.09908363,-87.62104433, WI,Yes,0
MCAS CHERRY POINT,34.88227647,-76.86966412,NC,Yes,0
MERIDAN MANAGEMENT CO.,40.65324172,-73.81167095, NY,No,0
METRO MACHINES CORP,36.83781129,-76.28904497, VA,Yes,0
MILITARY SEA LIFT COMMAND,32.71446257,-117.176571, CA,Yes,0
MILITARY SEA LIFT COMMAND,37.85949258,-122.2323319, CA,Yes,0
MINOT US AIR FORCE BASE,48.24888889,-101.2655556, ND,No,0
MISSISSIPPI ANG,32.34431197,-88.74190826, MS,Unknown,0
MONROE ENERGY,39.82640808,-75.40504247, PA,No,0
MSC,38.2882,-77.3853, VA,Yes,0
MUNIZ AIR NATIONAL GUARD,18.439011,-65.994192, PR,No,0
NARCHEM CORP.,41.82314867,-87.71925584, IL,No,0
NAS JACKSONVILLE,30.207195,-81.6865785, FL,No,0
NAS OCEANA,36.75531,-76.05968, VA,No,0
NASA,37.9343,-75.47844, VA,No,0
NASA WALLOPS SLIGHT FACILITY,37.93578879,-75.46992023, VA,Unknown,0
NAS-OCEANA,36.80191619,-76.0049278, VA,Yes,0
NATIONAL FOAM,39.958785,-75.596706, PA,Yes,0
NATIONAL GUARD,41.596704,-83.78648597, OH,Yes,0
NATIONAL GUARD TN-164 DERWING,35.02243856,-89.96374114, TN,Yes,0
NAV STA CORONADO,28.1114,-97.86333, CA,Yes,0
NAVAL AIR FACILITY EL CENTRO,32.77998218,-115.5488124, CA,No,0
NAVAL AIR STATION- BRUNSWICK ME,43.911625,-69.9675, ME,Yes,0
NAVAL AIR STATION CORPUS CHRISTI,27.674534,-97.278074, TX,Yes,0
NAVAL AIR STATION JOINT RESERVE BASE,32.66995677,-97.41822142, TX,Yes,0
NAVAL AIR STATION JOINT RESERVE BASE,32.75095,-97.33086, TX,Yes,0
NAVAL AIR STATION JOINT RESERVE BASE,32.7774726,-97.4245268, TX,Yes,0
NAVAL AIR STATION KINGSVILLE,27.4953207,-97.81869114, TX,Yes,0
NAVAL AIR STATION OCEANA,36.814455,-76.022334, VA,Yes,0
NAVAL AIR STATION- US NAVY,30.350115,-87.303177, FL,Yes,0
NAVAL AIR SYSTEMS COMMAND.,38.29021418,-76.40550167, MD,No,0
NAVAL AIRSTA FORT WORTH,32.77281784,-97.42078339, TX,Yes,0
NAVAL AIRSTA JACKSONVILLE,30.23136398,-81.69913985, FL,Yes,0
NAVAL BASE NEWPORT NEWS,37.08358,-76.48065, VA,Yes,0
NAVAL BASE POLICE & FIRE DEPT,36.84686,-76.28514, VA,Yes,0
NAVAL BASE VENTURA COUNTY,34.15016,-119.19558, CA,Yes,0
NAVAL STATION,30.37717,-81.41025, FL,Yes,0
NAVAL STATION NORFOLK,36.95634301,-76.32684931, VA,Yes,0
NAVAL STATION OCEANA,36.80668486,-76.01844831, VA,Yes,0
NAVY,20.75138889,-158.0511111, HI,Yes,0
NAVY,27.658539,-97.5685095, TX,No,0
NAVY,36.83781129,-76.28904497, VA,Yes,0
NAVY FIRE DEPARTMENT,36.81521169,-76.02738839, VA,Yes,0
NAVY REGIONAL DISPATCH MID-ATLANTIC,36.84686,-76.28514, VA,Yes,0
NAVY REGIONAL DISPATCH MID-ATLANTIC,36.95722136,-76.3266644, VA,Yes,0
NAVY REGIONAL FIRE & RESCUE,36.83273,-76.29771, VA,Yes,0
NAVY STATION PEARL HARBOR,21.35272311,-157.9379572, HI,Yes,0
NAVY TECH CENTER,30.68648,-88.05297, AL,Yes,0
NAVY USS ANCHORAGE (LSD 6),32.71568,-117.16171, CA,Yes,0
NAVY USS SHREVEPORT,36.84686,-76.28514, VA,Yes,0
NELLIS AF BASE,38.06549,-117.23193, NV,Yes,0
NERO AND ASS. INC.,34.57701,-118.11424, CA,Yes,0
NEW HAMPSHIRE AIR NATIONAL GUARD,43.08904538,-70.80518325, NH,Yes,0
NEW HAVEN FIRE DEPARTMENT,41.30136907,-72.92146212, CT,Yes,0
NEW HAVEN FIRE DEPARTMENT,41.30348545,-72.90851864, CT,Yes,0
NIAGARA FALLS AIRP'T FIRE,43.17407,-79.04442, NY,Yes,0
NIAGARA MOHAWK POWER,43.458399,-76.5315045, NY,Yes,0
NIAGRA FALL AIR RESERVE STATION,43.11443039,-78.93528249, NY,No,0
NJ ARMY NATIONAL GUARD,40.0147978,-74.3162698, NJ,Yes,0
NJ ARMY NATIONAL GUARD,(blank),(blank), NJ,Yes,0
NORFOLK NAVAL BASE FIRE DEPT.,36.87787215,-76.29426647, VA,No,0
NORFOLK NAVAL BASE FIRE DEPT.,36.94076561,-76.2962515, VA,Yes,0
NORFOLK NAVAL BASE FIRE DEPT.,36.95274501,-76.3025139, VA,Yes,0
NORFOLK NAVAL BASE POLICE & FIRE DEPT.,(blank),(blank), VA,No,0
NORFOLK NAVAL SHIPYARD,36.81713794,-76.3023666, VA,Yes,0
NORFOLK NAVAL STATION,36.95071752,-76.31948109, VA,No,0
NORSHIPCO,36.83200323,-76.2895699, VA,Yes,0
NORSHIPCO,36.8558505,-76.30305525, VA,Yes,0
NORTH HIGHLINE FIRE DEPT,47.33310895,-122.2109274, WA,Yes,0
NORTHROP GRUMAN SHIP SYSTEMS,29.91931834,-90.19078117, LA,Yes,0
NORTHROP GRUMMAN CORP,28.097424,-80.650935, FL,Yes,0
NORTHROP-GRUMANN AVONDALE,29.91931834,-90.19078117, LA,Yes,0
NORTHUMP GRUMMAN,29.91931834,-90.19078117, LA,Yes,0
NORTHWEST AIRLINES,33.6252813,-84.42415031, GA,Yes,0
NRG,35.56454044,-115.60214, CA,No,0
OCEAN DUTCHESS,37.763105,-122.23864, CA,Yes,0
OCEAN PEACE,47.63299936,-122.3804942, WA,Yes,0
ODYSSEY SPECIALIZED LOGISTICS,41.591304,-87.0422175, IN,Yes,0
OIL TANKING HOUSTON CORP.,29.742255,-95.1290325, TX,Yes,0
OKLAHOMA AIR NAT'L GUARD,36.21877308,-95.87370911, OK,Yes,0
OMAHA FIRE DEPT,41.26068,-95.94026, NE,Yes,0
OMNISOURCE SW,35.1771376,-90.03856749, TN,Yes,0
PACC SHIP MANAGERS,29.29532,-94.80791, TX,Unknown,0
PACIFIC DRILLING SERVICES INC.,26.9325,-90.52, LA,Yes,0
PAUL MILLER TRUCKING,41.53653,-72.7981, CT,Yes,0
PHILADELPHIA FIRE DEPT,39.91660635,-75.18060153, PA,Yes,0
PHILADELPHIA FIRE DEPT,(blank),(blank), PA,Yes,0
PHILADELPHIA NAVAL SHIP,39.95222,-75.16218, PA,Yes,0
PHILADELPHIA NAVY SHPYRD,39.9454159,-75.14390523, PA,Yes,0
POCATELLO FIRE DEPT,42.87115087,-112.4666161, ID,Yes,0
PORT AUTHORITIES,40.64454,-73.79536, NY,Yes,0
PORT AUTHORITY NY/NJ,40.85480451,-73.97035107, NJ,Yes,0
PORT OF BELLINGHAM,48.78966975,-122.5340266, WA,No,0
PORT OF BELLINGHAM,48.79537207,-122.5307177, WA,No,0
PORT OF BELLINGHAM,48.79537207,-122.5307177,,Yes,0
PORTSMOUTH NAVAL SHIPYARD,43.08372,-70.73967, ME,Yes,0
PPG IND,38.81658135,-90.83175765, MO,Yes,0
PROMET MARINE,41.80154929,-71.4007196, RI,Yes,0
PROVIDENCE,30.43521869,-86.6836481, FL,No,0
PSC,29.799693,-95.30175448, TX,Yes,0
PSE&G,41.01733997,-74.12711216, NJ,Unknown,0
PSE&G,41.01733997,-74.12711216,,Yes,0
PSIZER PHARMECUTICAL LIMITED,18.45104015,-66.34848589, PR,Yes,0
PUBLIC WORKS CENTER NORFOLK,36.84686,-76.28514, VA,No,0
R&L CARRIERS,32.60829,-85.48173, AL,Yes,0
RAILROAD CONSTRUCTION COMPANY,39.83129807,-75.23650915, NJ,Yes,0
RAYTHEON AIRCRAFT SERVICES,27.966681,-82.52399747, FL,Yes,0
REFINERY TERMINAL FIRE CO,27.85500056,-97.55919954, TX,Yes,0
RHODIA,30.509847,-91.18656, LA,No,0
RIGHT PATTERSON AIRFORCE BASE,39.73256,-84.21133, OH,Yes,0
RIGHT PATTERSON AIRFORCE BASE,39.9402,-84.028425, OH,Yes,0
S.C.A. TISSUE NORTH AMERICA LLC,44.20474019,-88.45319105, WI,No,0
SACRAMENTO COUNTY AIRPORT SYSTEM,38.557377,-121.3126695, CA,No,0
SAFETY KLEEN,41.65019358,-87.47742086, IN,Yes,0
SAFETY KLEEN CORP,39.98355912,-82.47508211, OH,Yes,0
SALT LAKE CITY DEPARTMENT OF AIRPORTS,40.7946646,-111.9879525, UT,Yes,0
SAN DIEGO GAS AND ELECTRIC,32.68530831,-116.9795172, CA,No,0
SAN FRANCISCO FIRE DEPT.,37.622425,-122.3965, CA,Yes,0
SANDIA FISHING CORP. - F/V ANCORA PRAIA,42.04967,-70.18846, MA,Yes,0
SANITATION DEPT OF CITY OF DALLAS,32.85487979,-96.87955379, TX,Yes,0
SANTA BARBARA CITY P.D. AND F.D,47.51415206,-122.0296441, CA,Yes,0
SANTA CRUZ CENTRAL PROT,36.98240995,-121.9369701, CA,Yes,0
SANTA CRUZ FIRE DEPT,36.96272528,-121.9998274, CA,Yes,0
SCHENECTADY CHEMICAL INC,42.861114,-74.0286495, NY,Yes,0
SCHNITZER STEEL,47.28352647,-122.520036, WA,Yes,0
SEATTLE FIRE DEPARTMENT,47.68454827,-122.4028563, WA,Yes,0
SEATTLE FIRE DEPT DISPATCH CENTER,47.63299936,-122.3804942, WA,Yes,0
SEBERT LANDSCAPING,41.738616,-88.008228, IL,Yes,0
SHAW AIRFORCE BASE,33.97295145,-80.4788698, SC,No,0
SHELL,33.45708398,-86.88277083, AL,Yes,0
SHERWIN WILLIAMS,34.15142852,-83.95703484, GA,Yes,0
SIGNATURE FLIGHTS,41.93905202,-72.69581155, CT,Yes,0
SIKORSKY AIRCRAFT,41.25024,-73.096803, CT,Yes,0
SIKORSKY SUPPORT SERVICES,41.25024,-73.096803, CT,Yes,0
SOUTH PARK MARINA,47.52695471,-122.3132525, WA,Yes,0
SOUTHWEST AIRLINES,32.817935,-96.834355, TX,Yes,0
SOUTHWEST AIRLINES,33.43443286,-111.98875, AZ,Yes,0
SPANOS CORP.,39.42647309,-119.7567047, NV,Yes,0
ST. PAUL PARK REFINING CO.,44.85297124,-92.99653919, MN,Yes,0
STATION CAPE CANAVERAL,28.415574,-80.61997803, FL,Yes,0
STERICYCLE,40.30504436,-75.27907518, PA,Yes,0
STONEWAY ROOFING SUPPLY,47.432385,-122.2140285, WA,Yes,0
SUGAR CAMP COAL MINE,37.99166667,-88, IL,Yes,0
SUGAR CAMP MINING COMPLEX,38.03407367,-88.76102136, IL,Yes,0
SUN OIL CO,40.48562849,-79.94513001, PA,Yes,0
SUNOCO EAGLE POINT OIL REFINERY,39.860406,-75.1535685, NJ,Yes,0
SUNOCO EAGLE POINT REFINERY,39.860406,-75.1535685, NJ,Yes,0
SUNOCO LOGISTICS,39.87446921,-75.12658119, NJ,Yes,0
SYNDER INTERNATIONAL,(blank),(blank), AZ,No,0
TIDEWATER MARINE,(blank),(blank), LA,Yes,0
TITAN MARINE,32.71568,-117.16171, CA,Yes,0
TOSCO NORTHWEST CO,48.829167,-122.699394, WA,Yes,0
TOTAL ENERGIES,30.21435,-91.09507, LA,Yes,0
TOTAL RECLAIM,47.58399848,-122.325327, WA,No,0
TRIDENT SEAFOOD,54.13445,-165.77351, AK,Yes,0
TRUCKING COMPANY,31.11067074,-97.68344989, TX,Yes,0
TUCSON FIRE DEPARTMENT,32.21387207,-110.909723, AZ,No,0
TUSKEGEE,(blank),(blank), VA,Yes,0
TWOMEY WELCH,30.207905,-97.665195, TX,No,0
TYCO FIRE PROTECTION PRODUCTS,45.09713674,-87.61403068, WI,Yes,0
TYNDALL AIR FORCE BASE,30.06623708,-85.59628402, FL,No,0
U. S. NAVAL AIR STATION OCEANA FIRE DEPT,36.814455,-76.022334, VA,Yes,0
U.S. COAST GUARD CUTTER HEALEY,47.58894251,-122.3381377, WA,Yes,0
U.S. COAST GUARD YARD,39.46666667,-77.01666667, MD,Yes,0
U.S. NAVAL AIR STATION,30.23136398,-81.69913985, FL,Yes,0
U.S. NAVY,36.90995895,-76.1401038, VA,Yes,0
U.S. NAVY,36.92253885,-76.32289383, VA,Yes,0
U.S. NAVY USS BATAAN LHD5,36.91630348,-76.25432665, VA,Yes,0
U.S. POWERGEN,40.78554637,-73.91443158, NY,Yes,0
U.S.S. JOHN F. KENNEDY,36.84686,-76.28514, VA,Yes,0
UNITED AIRLINES,38.9722275,-77.4495647, VA,Unknown,0
UNITED ILLUMINATING,41.1675863,-73.18369028, CT,Yes,0
UNITED PARCEL SERVICE,34.3102,-118.45308, CA,Yes,0
UNITED STATES COAST GUARD STATION,36.83127511,-76.34404197, VA,Yes,0
UNITED STATES MARINE CORPS,32.8835,-117.13109, CA,Yes,0
UNITED STATES NAVY,32.38333333,-79.65, SC,Yes,0
UNITED STATES NAVY,33.23003378,-117.3247375, CA,Yes,0
UNITED STATES NAVY,45.65289,-122.76482, OR,Yes,0
UNOCAL,60.729475,-151.30369, AK,No,0
UNS-NASNI,37.9009,-122.3204, CA,Yes,0
US AIR FORCE,30.42755794,-86.69556746, FL,Yes,0
US AIR FORCE,39.102685,-121.33611, CA,No,0
US AIR FORCE,39.102685,-121.33611,,Yes,0
US AIR FORCE,39.12642111,-121.3843505, CA,No,0
US AIR FORCE,61.22966,-149.77843, AK,No,0
US AIR FORCE,61.24414713,-149.7785487, AK,Yes,0
US AIR FORCE,(blank),(blank), FL,Yes,0
US AIR FORCE FIRE DEPT,(blank),(blank), AK,Yes,0
US AIR FORCE- JBER,61.243415,-149.814575, AK,No,0
US AIRWAYS,39.87335541,-75.26246686, PA,Yes,0
US ARMY,47.13929313,-122.5058185, WA,No,0
US ARMY FORT CAMPBELL,36.628524,-87.4563705, TN,Yes,0
US ARMY GARRISON FORT BELVOIR,38.71459948,-77.17963194, VA,Yes,0
US COAST GUARD,44.75999,-85.61584, MI,Yes,0
US MARINE (HMM774MAG42DETB),(blank),(blank), VA,No,0
US NAVAL BASE VENTURA COUNTY,34.1163305,-119.1013751, CA,No,0
US NAVAL BASE VENTURA COUNTY,34.13638,-119.10134, CA,No,0
US NAVY,30.46861111,-80.90527778, FL,Yes,0
US NAVY,32.08091,-81.09119, GA,Yes,0
US NAVY,32.681661,-117.120269, CA,Yes,0
US NAVY,32.697838,-117.204384, CA,Yes,0
US NAVY,32.71568,-117.16171, CA,Yes,0
US NAVY,32.75559,-117.21154, CA,Yes,0
US NAVY,32.79761648,-117.2038254, CA,Yes,0
US NAVY,36.21611111,-117.34, CA,No,0
US NAVY,36.830385,-76.264895, VA,Yes,0
US NAVY,36.83241,-76.28513, VA,Yes,0
US NAVY,36.84686,-76.28514, VA,No,0
US NAVY,36.84686,-76.28514,,Yes,0
US NAVY,39.88937541,-75.17576302, PA,Yes,0
US NAVY - USS GERMANTOWN,32.68474841,-117.1303926, CA,Yes,0
US NAVY - USS STETHEM,32.95,-118.6333333, CA,Yes,0
US NAVY FIRE DISPATCH,36.84686,-76.28514, VA,Yes,0
US NAVY FIRE DISPATCH,36.94476281,-76.29361897, VA,No,0
US NAVY LITTLE CREEK,36.84686,-76.28514, VA,Yes,0
US NAVY- NB CORONADO,32.70361111,-117.1961111, CA,No,0
US POWER GEN,40.786686,-73.9142955, NY,Yes,0
US STEEL,40.29399947,-79.87460018, PA,Yes,0
US. AIR FOCE,(blank),(blank), OH,Yes,0
US. NAVY,27.88136,-97.20922, TX,Yes,0
USAF,41.17277778,-95.82777778, IA,Unknown,0
USAF,47.64300785,-117.5561798, WA,Yes,0
USAF - 7TH CIVIL ENGINEEG,32.41742279,-99.84068492, TX,Yes,0
USAF - 7TH CIVIL ENGINEEG,32.419881,-99.841311, TX,Yes,0
USAF - 89TH CIVIL ENG SQD,38.81649063,-76.85523706, MD,Yes,0
USAF - ANDREWS AFB,38.8152,-76.8556665, MD,Yes,0
USAF - CANNON AFB,34.3990239,-103.3188565, NM,Yes,0
USAF - DYESS AFB,32.416135,-99.81984, TX,Yes,0
USAF - ELLSWORTH AFB,44.15014474,-103.0725993, SD,Yes,0
USAF - HILL AFB,41.1095302,-111.9967107, UT,Yes,0
USAF - IL ANG 182ND GROUP,40.6248188,-89.67905163, IL,Yes,0
USAF - KEESLER AFB,30.40465,-88.9145, MS,Yes,0
USAF - KELLY AFB,29.40006256,-98.590535, TX,Yes,0
USAF - MCCHORD AFB,47.12834,-122.49046, WA,Yes,0
USAF - MCCLELLAN AFB,38.6648837,-121.3869581, CA,Yes,0
USAF - MCCONNELL,37.632235,-97.25126, KS,Yes,0
USAF - MOODY AFB,30.972411,-83.211678, GA,Yes,0
USAF - MOODY AFB,30.973705,-83.20428, GA,Yes,0
USAF - PATRICK AFB,28.25325,-80.605989, FL,Yes,0
USAF - ROBINS AFB,32.59646,-83.58011, GA,Yes,0
USAF - VANCE AFB,36.39762,-97.87834, OK,Yes,0
USAF - WHITEMAN AFB,38.722325,-93.57297, MO,Yes,0
USAF - WRIGHT PATTERSON,39.8102259,-84.0373174, OH,Yes,0
USAF ACADEMY/CIVIL ENG,38.87375354,-104.854573, CO,Yes,0
USAF BASE HURLBURT FIELD,28.5660449,-81.68864879, FL,Yes,0
USAF EDWARDS AFB,34.92292,-117.8981, CA,Yes,0
USAF LANGLEY,37.079469,-76.3429185, VA,Yes,0
USAF- POPE AFB,35.093817,-79.031169,NC,Yes,0
USAF- POPE AFB,35.17128,-79.01042,NC,Yes,0
USAF RESERVE,43.1150795,-78.93893951, NY,Yes,0
USAF SHAW AIRFORCE BASE,33.99312,-80.49332, SC,No,0
USAF TINKER AFB,35.423104,-97.4187447, OK,Yes,0
USAF- WHITEMAN AFB,38.71595755,-93.56324618, MO,Yes,0
USAF-122 FIGHTER WING ANG,41.04803,-85.16811, IN,Yes,0
USAF-BARKSDALE AFB,32.51034,-93.68204, LA,Yes,0
USAF-BEALE AIR FORCE BASE,39.12506294,-121.3855865, CA,Yes,0
USAFB-MYRTLE BEACH,33.61048046,-78.97151214, SC,Yes,0
USAF-CANNON AFB,34.3928,-103.32808, NM,Yes,0
USAF-COLUMBUS AFB,33.59061618,-88.42602187, MS,Yes,0
USAF-DAVIS MONTHAN,32.19007,-110.87528, AZ,Yes,0
USAF-DYESS AFB,32.41742279,-99.84068492, TX,Yes,0
USAF-DYESS AFB,32.419881,-99.841311, TX,Yes,0
USAF-EARICKSON AFB,(blank),(blank), AK,Yes,0
USAF-EDWARDS AF BASE,34.923069,-117.899532, CA,Yes,0
USAF-EDWARDS AFB,34.92292,-117.8981, CA,Yes,0
USAF-ELLSWORTH AFB,44.08146,-103.2308, SD,Yes,0
USAF-ELLSWORTH AFB,44.14509444,-103.1035667, SD,Yes,0
USAF-ELLSWORTH AFB,44.15014474,-103.0725993, SD,Yes,0
USAF-ELLSWORTH AFB,44.150157,-103.072698, SD,Yes,0
USAF-ELSWOOD AIR FORCE BA,(blank),(blank), SD,Yes,0
USAF-FE WARREN AFB,41.14115,-104.82273, WY,Yes,0
USAF-HILL AFB,41.13952618,-112.0166824, UT,Yes,0
USAF-HOLLOMAN AFB,32.8355728,-106.0749086, NM,Yes,0
USAF-HOLLOMANN AFB,32.8355728,-106.0749086, NM,Yes,0
USAF-HURLBURT FIELD,30.4150168,-86.7035258, FL,Yes,0
USAF-KI SAWYER,41.88555,-86.59792, MI,Yes,0
USAF-KIRTLAND AFB,35.04872358,-106.5505117, NM,Yes,0
USAF-KIRTLAND AIRFORCE,35.04199,-106.60697, NM,Yes,0
USAF-LANGLEY A.F. BASE,37.08153318,-76.34747621, VA,Yes,0
USAF-LITTLE ROCK AFB,34.7487,-92.27485, AR,Yes,0
USAF-LITTLE ROCK AFB,34.90854938,-92.14114492, AR,Yes,0
USAF-LORING AFB,46.9340169,-67.9115832, ME,Yes,0
USAF-MAXWELL AFB,32.37679903,-86.35495376, AL,Yes,0
USAF-MAXWELL AFB,32.380115,-86.34818, AL,Yes,0
USAF-MCCONNELL AFB,37.632235,-97.25126, KS,Yes,0
USAF-MINOT AFB,48.4171178,-101.3226487, ND,Yes,0
USAF-MINOT AFB,48.418119,-101.321532, ND,Yes,0
USAF-MINOT AFB,48.42010089,-101.3510408, ND,Yes,0
USAF-MINOT AFB,48.42297358,-101.3235875, ND,Yes,0
USAF-MOODEY AFB,30.97156685,-83.21227565, GA,Yes,0
USAF-MOODEY BASE,30.97156685,-83.21227565, GA,Yes,0
USAF-MOODY AFB,30.97156685,-83.21227565, GA,Yes,0
USAF-MOODY AFB,30.972411,-83.211678, GA,Yes,0
USAF-NATIONAL GUARD,44.813592,-68.802921, ME,Yes,0
USAF-NIAGARA FALLS AIR RESERVE STATION,43.08352,-78.9656028, NY,No,0
USAF-NIAGARA FALLS AIR RESERVE STATION,43.11443039,-78.93528249, NY,No,0
USAF-OHARE AIR FORCE RESV,41.97981,-87.88204, IL,Yes,0
USA-FORT CARSON,38.712348,-104.7777705, CO,Yes,0
USAF-ROBINS AFB,32.59646,-83.58011, GA,Yes,0
USAF-WESTOVER ARB,42.1991561,-72.548338, MA,Yes,0
USAF-WHITEMAN AFB,38.71595755,-93.56324618, MO,Yes,0
USAF-WHITMAN AFB,38.722325,-93.57297, MO,Yes,0
USAF-WRIGHT PATTERSON AFB,39.8102259,-84.0373174, OH,Yes,0
USAF-WRIGHT PATTERSON AFB,39.81930979,-84.03777991, OH,Yes,0
USCG,43.65915,-70.25668, ME,Yes,0
USCG - CUTTER LEGARE,36.88073338,-76.35998166, VA,Yes,0
USCG - DISTRICT 7,32.85055556,-79.93888889, SC,Yes,0
USCG - USCGC HEALY,47.60357,-122.32945, WA,Yes,0
USCG C SEQUOIA WLB 215,13.40009,144.68933, GU,Yes,0
USCG CUTTER JAMES,32.856912,-79.9852815, SC,Yes,0
USCG CUTTER MARCUS HANNA,43.6442482,-70.24612691, ME,Yes,0
USCG POLAR STAR,38.09966963,-122.2704265, CA,No,0
USCG PORTSMOUTH,36.8644945,-76.3927752, VA,Yes,0
USCG SECTOR SAN DIEGO,32.718024,-117.194013, CA,No,0
USCG SUPTCEN NEW YORK,40.68865138,-74.01956088, NY,Yes,0
USCG YARD - SECTOR MD,39.201489,-76.571082, MD,Yes,0
USCG YARD - SECTOR MD,39.22489,-76.58842, MD,Yes,0
USCGC - ESCANABA,42.367563,-71.052606, MA,Yes,0
USCGC ACTIVE,48.1413924,-123.4415398, WA,Yes,0
USCGC ALDER,43.3992195,-89.54217, WI,Yes,0
USCGC ESCANABA,42.367563,-71.052606, MA,Yes,0
USCGC FORWARD,36.88073338,-76.35998166, VA,Yes,0
USCGC FORWARD,37.00111111,-76.14472222, VA,Yes,0
USCGC KATHERINE WALKER,40.66546512,-74.07636128, NJ,Yes,0
USCGC LEGARE,36.88073338,-76.35998166, VA,Yes,0
USCGC LEGARE,36.92487,-76.34355, VA,Yes,0
USCGC LEGARE (WMEC 912),36.88073338,-76.35998166, VA,Yes,0
USCGC MARCUS HANNA,43.6442482,-70.24612691, ME,Yes,0
USCGC MELLON,47.58894251,-122.3381377, WA,Yes,0
USCGC MIDGETT,21.30148648,-157.8704163, HI,Yes,0
USCGC MIDGETT,(blank),(blank), CA,Yes,0
USCGC MIDGETT 757,21.30944,-157.8725, HI,Yes,0
USCGC MOHAWK,24.56362352,-81.79846617, FL,Yes,0
USCGC SEAFOX,48.11872,-123.4313, WA,Yes,0
USCGC- SPAR,21.30493,-157.85788, HI,Yes,0
USCGC SPENCER WMEC 905,42.367563,-71.052606, MA,Yes,0
USCGC STEADFAST,39.201489,-76.571082, MD,Yes,0
USCGC TAHOMA,43.08372,-70.73967, ME,Unknown,0
USCGC TAHOMA,43.08372,-70.73967,,Yes,0
USCGC THETIS,24.5545,-81.80023, FL,Yes,0
USCGC WILLIAM TATE,39.3702,-76.06285, MD,Yes,0
USCG-STA LAKE WORTH INLET,26.84431729,-80.06424341, FL,Yes,0
USCG-USCGC POLAR SEA,47.992845,-122.213805, WA,Yes,0
USMC,33.3280554,-117.3064934, CA,Yes,0
USMC - AIRSTA BEAUFORT,32.4546454,-80.7029244, SC,Yes,0
USMC-CHERRY POINT,34.882731,-76.9100085,NC,Yes,0
USN,33.43024,-117.60698, CA,Yes,0
USN - COMMAND MAG42,36.95410274,-76.32159803, VA,No,0
USN - EMERGENCY COMM. CENTER,36.949285,-76.321935, VA,No,0
USN - EMERGENCY COMMUNICATION CENTER,36.94786158,-76.30932948, VA,Yes,0
USN - LITTLE CREEK,36.89086,-76.25864, VA,Yes,0
USN - NAS OCEANA,36.808655,-76.02751, VA,Yes,0
USN - NAS SOUTH WEYMOUTH,42.17268,-70.95402, MA,Yes,0
USN - NAWS POINT MUGU,34.111899,-119.10852, CA,Yes,0
USN - NAWS POINT MUGU,(blank),(blank), CA,Yes,0
USN - USS AMERICA,36.84686,-76.28514, VA,Yes,0
USN - USS BOXER,32.68451,-117.12546, CA,Yes,0
USN - USS CAYUGA,33.74978,-118.08887, CA,Yes,0
USN - USS CIMARRON,29.90897028,-90.15080746, LA,Yes,0
USN - USS DULUTH,37.9009,-122.3204, CA,Yes,0
USN - USS EMORY S. LAND,36.91630348,-76.25432665, VA,Yes,0
USN - USS GUNSTON HALL,36.85542164,-76.17167582, VA,No,0
USN - USS JOHN F. KENNEDY,42.84055847,-80.63438348, VA,Yes,0
USN - USS MONONGAHELA,36.74745268,-76.31898093, VA,Yes,0
USN - USS PORTLAND,36.89086,-76.25864, VA,Yes,0
USN - USS ROOSEVELT,36.84686,-76.28514, VA,Yes,0
USN - USS SEATTLE,36.83200323,-76.2895699, VA,Yes,0
USN - USS WILLIAM P. LAWRENCE,32.67955521,-117.1196948, CA,Yes,0
USN AIRSTATION,32.55053,-88.60929, MS,Yes,0
USN- AMPHIBIOUS BASE,36.82330126,-76.2763001, VA,Yes,0
USN DOHL,40.66509,-74.11817, NJ,Yes,0
USN -EMERGENCY COMM. CENTER,36.94786158,-76.30932948, VA,Yes,0
USN EMERGENCY COMMUNICATION CENTER,36.84686,-76.28514, VA,Yes,0
USN- NAS OCEANA,36.75531,-76.05968, VA,Yes,0
USN NAVAL AIR STATION AT,33.914844,-84.534939, GA,Yes,0
USN- NAVAL BASE VENTURA COUNTY,34.13638,-119.10134, CA,Yes,0
USNNCBC NAVAL CONSTRUCTION,(blank),(blank), CA,Yes,0
USN -NORFOLK,36.949285,-76.321935, VA,Yes,0
USN OCEANA DAM NECK ANNEX,36.80191619,-76.0049278, VA,Yes,0
USN- USNS WATSON,32.71568,-117.16171, CA,Yes,0
USN- USS ASHLAND,36.99035,-76.43336, VA,Yes,0
USN- USS BOXER,32.71568,-117.16171, CA,Yes,0
USN- USS CIMARRON,21.33466254,-157.9665588, HI,Yes,0
USN USS NIMITZ,32.69993,-117.18424, CA,Yes,0
USN USS NIMITZ,36.988362,-76.437018, VA,Yes,0
USN -USS SAIPAN,36.91630348,-76.25432665, VA,Yes,0
USN USS TORTUGA,38.2882,-77.3853, VA,Yes,0
USN- USS WHIDBEY ISLAND,34.72179,-76.71758,NC,Yes,0
USN VAW125,36.84686,-76.28514, VA,Yes,0
USN-COMMUNICATION CENTER,36.91630348,-76.25432665, VA,Yes,0
USN-COMMUNICATION CENTER,36.94476281,-76.29361897, VA,Yes,0
USN-COMMUNICATION CENTER,36.95340423,-76.32404444, VA,Yes,0
USN-COMNAV BASE,38.2882,-77.3853, VA,Yes,0
USN-COMNAVBASE NORFOLK,36.949285,-76.321935, VA,Yes,0
USN-INNGALLS SHIP YARD,30.354822,-88.52002221, MS,Yes,0
USN-NAB LITTLE CREEK,38.2882,-77.3853, VA,Yes,0
USN-NAS JACKSONVILLE,30.23136398,-81.69913985, FL,No,0
USN-NAS JACKSONVILLE,30.23136398,-81.69913985,,Unknown,0
USN-NAS JACKSONVILLE,30.23136398,-81.69913985,,Yes,0
USN-NAS NORTH ISLAND,32.698845,-117.2122659, CA,Yes,0
USN-NAS NORTH ISLAND,32.704991,-117.190282, CA,Yes,0
USN-NAS OCEANA,36.75531,-76.05968, VA,Yes,0
USN-NAS OCEANA,36.80191619,-76.0049278, VA,Yes,0
USN-NAS OCEANA,36.808655,-76.02751, VA,Yes,0
USN-NAVAL AIR STATION OCEANA,36.80202334,-76.04224277, VA,Yes,0
USN-NAVAL STATION EVERETT,47.992845,-122.213805, WA,Yes,0
USN-NAVAVNDEP ALAMEDA,37.763105,-122.23864, CA,Yes,0
USN-NORFOLK NAVAL SHIPYRD,36.80393365,-76.29880352, VA,Yes,0
USN-NORFOLK NAVAL SHIPYRD,36.83273,-76.29771, VA,Yes,0
USNS ALLEN SHEPARD,32.69115734,-117.1337429, CA,Yes,0
USNS ANDREW J HIGGINS,45.54380681,-122.6981086, OR,Yes,0
USNS BURLINGTON,36.83323327,-76.27239196, VA,Yes,0
USNS CARL BRASHEAR,45.51179,-122.67563, OR,Yes,0
USNS CHARLTON,36.96499705,-76.41881194, VA,Yes,0
USNS COMFORT,39.26133012,-76.55891126, MD,Yes,0
USNS SEAY,30.73472222,-77.48444444, FL,Yes,0
USNS SHASTA T-AE33,47.97659,-122.20596, WA,Yes,0
USNS YUKON,32.71568,-117.16171, CA,Yes,0
USN-USS ANTIETAM (CG 54),33.79632,-118.15142, CA,Yes,0
USN-USS ARTHUR W RADFORD,36.87227302,-76.23851521, VA,Yes,0
USN-USS BOLSTER,33.71957787,-118.3101955, CA,Yes,0
USN-USS BUNKER HILL,33.43024,-117.60698, CA,Yes,0
USN-USS CARNEY,36.2,-7.719166667, VA,Yes,0
USN-USS CHANCELLORSVILLE,32.58065263,-117.0216067, CA,Yes,0
USN-USS CHANCELLORSVILLE,37.9009,-122.3204, CA,Yes,0
USN-USS DENVER,32.79761648,-117.2038254, CA,Yes,0
USN-USS DWIGHT D EISENH.,36.87883878,-76.18969651, VA,Yes,0
USN-USS GEORGE WASHINGTON,36.84686,-76.28514, VA,Yes,0
USN-USS JOHN F KENNEDY,36.91630348,-76.25432665, VA,Yes,0
USN-USS JOHN F KENNEDY,36.943251,-76.311367, VA,Yes,0
USN-USS JOHN YOUNG,32.79761648,-117.2038254, CA,Yes,0
USN-USS KENNEDY,39.95222,-75.16218, PA,Yes,0
USN-USS MOUNT BAKER AE34,32.78115,-79.9316, SC,Yes,0
USN-USS MOUNT VERNON,32.79761648,-117.2038254, CA,Yes,0
USN-USS NASHVILLE LPD 13,36.83273,-76.29771, VA,Yes,0
USN-USS PONCE LPD 15,42.84175629,-80.30348748, VA,Yes,0
USN-USS PORTLAND,36.83002,-76.34458, VA,Yes,0
USN-USS PORTLAND,38.2882,-77.3853, VA,Yes,0
USN-USS PUGET SOUND,(blank),(blank), VA,Yes,0
USN-USS ROOSEVELT,36.84686,-76.28514, VA,Yes,0
USN-USS SAIPAN LHA2,36.83273,-76.29771, VA,Yes,0
USN-USS TAYLOR,32.78115,-79.9316, SC,Yes,0
USN-USS TORTUGA,38.2882,-77.3853, VA,Yes,0
USS - THEODORE ROOSEVELT,36.91630348,-76.25432665, VA,Yes,0
USS ABRAHAM LINCOLN,32.79761648,-117.2038254, CA,Yes,0
USS ARDENT,(blank),(blank), CA,Yes,0
USS ASHLAND,38.2882,-77.3853, VA,Yes,0
USS BAINBRIDGE,36.94513803,-76.30095542, VA,Yes,0
USS BATTAN,36.84686,-76.28514, VA,Yes,0
USS BENAAN,36.84686,-76.28514, VA,Yes,0
USS CAMBDEN,47.729805,-122.345854, WA,Yes,0
USS CARL VINSON,36.98829478,-76.43693265, VA,Yes,0
USS DULUTH,32.566597,-116.974296, CA,Yes,0
USS GEORGE W BUSH,36.949285,-76.321935, VA,Yes,0
USS GUAM,36.89114258,-76.2233265, VA,Yes,0
USS HEPBURN,33.10833333,-118.285, CA,Yes,0
USS HOWARD,32.41666667,-118.3666667, CA,Yes,0
USS JOHN C STENNIS,47.565,-122.62749, WA,Yes,0
USS JOHN C STENNIS(CVN 74,32.698845,-117.2122659, CA,Yes,0
USS JOHN F. KENNEDY,30.39299,-81.43081, FL,Yes,0
USS MACON ISLAND,32.70996,-117.2497, CA,Yes,0
USS MAKIN ISLAND,32.79761648,-117.2038254, CA,Yes,0
USS MOBILE (LCS-26),33.23004061,-117.3248743, CA,Yes,0
USS MOUNT WHITNEY,36.68361111,-75.48333333, VA,Yes,0
USS NASHVILLE LPD-13,42.84175629,-80.30348748, VA,Yes,0
USS OAKLAND LSC 24,32.71568,-117.16171, CA,Yes,0
USS O'BANNON,30.39299,-81.43081, FL,Yes,0
USS PEARL HARBOR,32.68474841,-117.1303926, CA,Yes,0
USS ROOSEVELT,36.81699599,-76.30515987, VA,Yes,0
USS SAI PAN,36.949285,-76.321935, VA,Yes,0
USS SAIPAN,36.949285,-76.321935, VA,Yes,0
USS SAN ANTONIO,(blank),(blank),NC,Yes,0
USS SAN GACINTO,36.84686,-76.28514, VA,Yes,0
USS SARATOGA,30.39299,-81.43081, FL,Yes,0
USS TRENTON,36.83781129,-76.28904497, VA,Yes,0
USS TRUMAN,36.949285,-76.321935, VA,Yes,0
USS TRUXTON,36.81056577,-76.28448001, VA,Yes,0
USS WASP (LHD1),36.85987271,-76.37052803, VA,Yes,0
USS WHIDBEY ISLAND,36.84686,-76.28514, VA,No,0
VENTURA FIRE DEPT,34.17499661,-119.2216361, CA,Yes,0
VIGOR MARINE,45.56130136,-122.7135895, OR,Yes,0
WA STATE DEPT OF TRANSPORTATION,47.59358562,-122.2878736, WA,Yes,0
WA. STATE FERRY OPS CENTER,47.99892485,-122.215201, WA,Yes,0
WAKO,37.54068,-77.43367, VA,Yes,0
WASTE MANAGEMENT,33.71967438,-112.3253735, AZ,Yes,0
WASTE MANAGEMENT OF ARIZONA,33.42479771,-111.9954789, AZ,No,0
WASTE TREATMENT PLANT,33.83410866,-84.47320459, GA,Unknown,0
WEIS FIRE EQUIPMENT,38.8562253,-97.60776592, KS,Yes,0
WESTERN STATE FIRE PROTECTION,33.428142,-112.3581575, AZ,Yes,0
WESTHAVEN FIRE DEPT,41.27228,-72.94998, CT,Yes,0
WICHITA FALLS MUNIC AIR,33.97275252,-98.51357231, TX,Yes,0
WILLOW GROVE NAVAL AIR STATION,40.143658,-75.04429848, PA,Yes,0
WILMINGTON FIRE DEPARTMENT,34.24349743,-77.86225454,NC,Yes,0
WIREGRASS CONSTRUCTION CO,31.26141809,-85.38380306, AL,No,0
WRIGHT PATTERSON AFB,39.8102259,-84.0373174, OH,Yes,0
WRIGHT PATTERSON AIR FORCE BASE,39.81113,-84.05731, OH,Yes,0
WRIGHT- PATTERSON AIR FORCE BASE,39.8102259,-84.0373174, OH,Yes,0
WRIGHT-PATTERSON AIR FORCE BASE,39.82767,-84.02354, OH,Yes,0
(blank),17.72513,-64.78417, VI,Yes,0
(blank),21.30493,-157.85788, HI,No,0
(blank),21.346467,-157.942293, HI,No,0
(blank),21.34840581,-157.9441034, HI,No,0
(blank),21.34840581,-157.9441034,,Yes,0
(blank),21.37589307,-157.9293236, HI,No,0
(blank),21.41028,-157.81611, HI,No,0
(blank),25.76888889,-80.19583333, FL,Yes,0
(blank),25.88,-80.14222222, FL,Yes,0
(blank),26.00358041,-80.12234445, FL,Yes,0
(blank),26.05226,-80.14473, FL,Yes,0
(blank),26.05785666,-80.13030676, FL,Yes,0
(blank),26.05944444,-80.135, FL,Yes,0
(blank),26.59064673,-80.05110691, FL,Yes,0
(blank),26.621973,-81.950751, FL,Yes,0
(blank),26.63206371,-82.11294707, FL,Yes,0
(blank),26.72646,-81.65341, FL,Yes,0
(blank),26.9281296,-80.08414846, FL,Yes,0
(blank),27.46718318,-80.32872145, FL,Unknown,0
(blank),27.49385073,-97.81473849, TX,No,0
(blank),27.4953207,-97.81869114, TX,No,0
(blank),27.52108949,-82.59233889, FL,Unknown,0
(blank),27.52108949,-82.59233889,,Yes,0
(blank),27.53283345,-82.609398, FL,Yes,0
(blank),27.87978779,-82.3135193, FL,Yes,0
(blank),28.49627172,-81.4434048, FL,Yes,0
(blank),29.29532,-94.80791, TX,Unknown,0
(blank),29.56522871,-95.05393701, TX,Yes,0
(blank),29.61333333,-94.96388889, TX,Yes,0
(blank),29.65599285,-95.2615067, TX,Yes,0
(blank),29.7228541,-95.27477732, TX,No,0
(blank),29.7228541,-95.27477732,,Yes,0
(blank),29.990907,-95.19333853, TX,Yes,0
(blank),30.0690814,-89.803005, LA,Yes,0
(blank),30.07955578,-89.79188911, LA,Yes,0
(blank),30.13519908,-93.31627881, LA,No,0
(blank),30.15248967,-81.63276626, FL,Yes,0
(blank),30.27791749,-87.7033845, AL,Yes,0
(blank),30.33147,-81.65622, FL,Yes,0
(blank),30.333825,-81.5214015, FL,No,0
(blank),30.35477063,-87.17485599, FL,Yes,0
(blank),30.36141813,-81.470351, FL,Yes,0
(blank),30.378635,-81.40808, FL,Yes,0
(blank),30.498561,-81.698193, FL,No,0
(blank),30.71481635,-88.04593485, AL,Unknown,0
(blank),31.165371,-81.4810095, GA,Yes,0
(blank),31.59080753,-102.9076376, TX,Unknown,0
(blank),31.592061,-84.1251105, GA,Yes,0
(blank),32.6838838,-117.1166752, CA,Yes,0
(blank),32.69267579,-117.1426791, CA,Yes,0
(blank),32.71568,-117.16171, CA,Yes,0
(blank),32.71568,-117.16171, CA,Unknown,0
(blank),32.72054345,-97.03237757, TX,Yes,0
(blank),32.72615478,-117.2199889, CA,Yes,0
(blank),32.73075528,-85.83296411, AL,Yes,0
(blank),32.75095,-97.33086, TX,Yes,0
(blank),32.860773,-79.9631595, SC,Yes,0
(blank),32.907924,-96.66557896, TX,Unknown,0
(blank),32.92885,-97.04904, TX,Yes,0
(blank),33.32591782,-111.9419222, AZ,Yes,0
(blank),33.42222222,-112.1694444, AZ,Unknown,0
(blank),33.42222222,-112.1694444,,Yes,0
(blank),33.42551,-111.93724, AZ,Yes,0
(blank),33.4620163,-117.6979613, CA,Yes,0
(blank),33.47617475,-87.29746764, AL,Yes,0
(blank),33.57150924,-86.75244871, AL,No,0
(blank),33.67893,-118.00157, CA,Yes,0
(blank),33.7386644,-118.0982579, CA,Yes,0
(blank),33.76605343,-118.2094535, CA,No,0
(blank),33.76605343,-118.2094535,,Unknown,0
(blank),33.767343,-118.1168685, CA,Unknown,0
(blank),33.77537946,-118.168587, CA,No,0
(blank),33.88869251,-118.2018195, CA,Yes,0
(blank),33.91083052,-118.303965, CA,Yes,0
(blank),34.02602124,-118.2515065, CA,Yes,0
(blank),34.100703,-117.247084, CA,Yes,0
(blank),34.14123725,-84.01913572, GA,Yes,0
(blank),34.19837014,-118.3371338, CA,Yes,0
(blank),34.84237381,-86.929857, AL,Unknown,0
(blank),34.84994,-87.5713, AL,Yes,0
(blank),34.88514665,-76.33371571,NC,Yes,0
(blank),35.130402,-80.9199495,NC,Unknown,0
(blank),35.196831,-80.9569215,NC,No,0
(blank),35.25675436,-81.04224625,NC,Yes,0
(blank),35.27294267,-120.6561516, CA,Yes,0
(blank),35.36066,-86.8402, TN,Yes,0
(blank),35.432649,-80.948475,NC,Yes,0
(blank),35.605917,-84.2542425, TN,Yes,0
(blank),36.127215,-86.6802195, TN,No,0
(blank),36.73114,-76.58837, VA,Yes,0
(blank),36.7360129,-119.6952799, CA,Yes,0
(blank),36.75531,-76.05968, VA,Yes,0
(blank),36.80191619,-76.0049278, VA,Yes,0
(blank),36.83300676,-76.20499994, VA,Yes,0
(blank),36.83727978,-75.98588291, VA,Yes,0
(blank),36.83781129,-76.28904497, VA,Yes,0
(blank),36.84686,-76.28514, VA,No,0
(blank),36.84686,-76.28514,,Yes,0
(blank),36.872523,-76.2740595, VA,Yes,0
(blank),36.93083972,-76.21250284, VA,Yes,0
(blank),36.94534,-76.30571, VA,Yes,0
(blank),36.94673341,-76.32746501, VA,Yes,0
(blank),36.94786158,-76.30932948, VA,Yes,0
(blank),36.947979,-76.3061085, VA,Yes,0
(blank),36.9492624,-76.30520993, VA,Yes,0
(blank),36.95246846,-76.32761087, VA,Yes,0
(blank),37.0114495,-76.34698237, VA,Yes,0
(blank),37.074906,-76.36482, VA,Yes,0
(blank),37.17021368,-76.57263688, VA,No,0
(blank),37.27995922,-79.92338354, VA,Yes,0
(blank),37.38616,-82.54617, KY,Yes,0
(blank),37.49483837,-76.29927881, VA,Yes,0
(blank),37.52777778,-122.0955556, CA,Yes,0
(blank),37.54068,-77.43367, VA,Yes,0
(blank),37.71048321,-122.0968362, CA,Yes,0
(blank),37.73553294,-122.1754572, CA,Yes,0
(blank),37.96708337,-122.2954641, CA,Yes,0
(blank),38.01246725,-121.8495922, CA,Yes,0
(blank),38.03474025,-121.6243169, CA,Yes,0
(blank),38.16214,-121.61021, CA,Yes,0
(blank),38.20329939,-79.00601155, VA,Unknown,0
(blank),38.20329939,-79.00601155,,Yes,0
(blank),38.30854713,-122.2813441, CA,Yes,0
(blank),38.329812,-85.631154, KY,Yes,0
(blank),38.3338404,-76.47344043, MD,No,0
(blank),38.68838,-77.13524, VA,Yes,0
(blank),38.68924466,-85.14661449, KY,Yes,0
(blank),38.70205,-77.11724, VA,Yes,0
(blank),38.723427,-77.0200065, MD,Yes,0
(blank),38.9667645,-76.48387889, MD,Yes,0
(blank),39.23583333,-76.50361111, MD,Unknown,0
(blank),39.23583333,-76.50361111,,Yes,0
(blank),39.23840027,-76.58713676, MD,Yes,0
(blank),39.30923,-74.98258, NJ,Yes,0
(blank),39.33768,-85.4849, IN,Yes,0
(blank),39.39737682,-84.22105021, OH,No,0
(blank),39.55242864,-76.11458668, MD,Yes,0
(blank),39.72508607,-75.53639184, DE,Unknown,0
(blank),39.725793,-105.0745815, CO,Yes,0
(blank),39.91727,-74.20669, NJ,Yes,0
(blank),39.924423,-75.2157675, PA,Yes,0
(blank),40.1834233,-75.13068029, PA,Yes,0
(blank),40.44284839,-80.02468266, PA,Yes,0
(blank),40.45111111,-73.84111111, NJ,Yes,0
(blank),40.542741,-74.246238, NY,Yes,0
(blank),40.66521,-73.807265, NY,Yes,0
(blank),40.6687,-74.11751, NJ,Yes,0
(blank),40.78369038,-111.9833686, UT,Yes,0
(blank),40.807206,-72.715986, NY,Yes,0
(blank),40.85339,-73.97428, NJ,Yes,0
(blank),41.03842817,-73.54900191, CT,Yes,0
(blank),41.06876087,-73.54846852, CT,Yes,0
(blank),41.111,-74.09957, NY,Yes,0
(blank),41.12271291,-73.37049459, CT,Yes,0
(blank),41.16366121,-73.12827215, CT,No,0
(blank),41.203566,-73.113975, CT,Yes,0
(blank),41.259402,-72.98766, CT,Yes,0
(blank),41.2885857,-72.66376186, CT,Unknown,0
(blank),41.289966,-72.905544, CT,Yes,0
(blank),41.92861,-72.62739, CT,Yes,0
(blank),42.22477453,-83.48168668, MI,Yes,0
(blank),42.30486836,-83.74451079, MI,Yes,0
(blank),42.345027,-71.0279595, MA,No,0
(blank),42.347435,-71.04437, MA,Yes,0
(blank),42.35165416,-83.05380946, MI,Yes,0
(blank),42.359094,-87.825393, IL,Unknown,0
(blank),42.93708398,-75.61070145, NY,Unknown,0
(blank),43.63722,-70.2864045, ME,Yes,0
(blank),44.291502,-121.472928, OR,No,0
(blank),44.9469585,-93.0894345, MN,Yes,0
(blank),45.09908363,-87.62104433, WI,Yes,0
(blank),45.565074,-122.7202462, OR,Yes,0
(blank),45.63751307,-84.48173297, MI,No,0
(blank),45.63751307,-84.48173297,,Yes,0
(blank),45.64636063,-122.6086975, WA,Yes,0
(blank),45.71097477,-122.6529878, WA,Yes,0
(blank),47.13861111,-122.6311111, WA,No,0
(blank),47.51687233,-122.1764783, WA,Yes,0
(blank),47.53941036,-122.3254357, WA,Yes,0
(blank),47.57150645,-122.346432, WA,Yes,0
(blank),47.58760438,-122.1783797, WA,Unknown,0
(blank),47.63299936,-122.3804942, WA,Yes,0
(blank),47.655756,-122.3784653, WA,Yes,0
(blank),47.91335477,-122.2685797, WA,Yes,0
(blank),48.001194,-122.2176025, WA,Yes,0
(blank),48.105855,-123.4007753, WA,Yes,0
(blank),55.35188479,-131.6831163, AK,Unknown,0
(blank),55.35188479,-131.6831163,,Yes,0
(blank),57.77675782,-152.4523901, AK,No,0
(blank),(blank),(blank), CA,Yes,0
(blank),(blank),(blank), FL,Yes,0
(blank),(blank),(blank), HI,No,0
(blank),(blank),(blank),,Yes,0
(blank),(blank),(blank), KY,Yes,0
(blank),(blank),(blank), LA,No,0
(blank),(blank),(blank), MD,Yes,0
(blank),(blank),(blank), NJ,Yes,0
(blank),(blank),(blank), PA,Yes,0
(blank),(blank),(blank), VA,Yes,0
